transaction_id,account_id,date_key,amount,currency,channel,status,is_flagged_fraud,transaction_ref,load_run_id,source_system,processed_at
4,1001,20260902,300.0,AZN,Web,Completed,False,TXN_4_A,RUN_2026_09_20_01,POSTGRES_OLTP,2026-09-20 22:46:16
4,1001,20260902,300.0,AZN,Web,Completed,False,TXN_4_B,RUN_2026_09_20_01,POSTGRES_OLTP,2026-09-20 22:46:16
6,1001,20260903,,AZN,Mobile,Pending,False,TXN_6,RUN_2026_09_20_01,POSTGRES_OLTP,2026-09-20 22:46:16
7,999,20260903,80.0,AZN,POS,Completed,False,TXN_7,RUN_2026_09_20_01,POSTGRES_OLTP,2026-09-20 22:46:16
8,1002,20260903,-50.0,XXX,Web,Failed,True,TXN_8,RUN_2026_09_20_01,POSTGRES_OLTP,2026-09-20 22:46:16
10,1081,20260922,619.46,AZN,POS,Completed,False,TXN_10,RUN_2026_09_20_01,POSTGRES_OLTP,2026-09-20 22:46:16
11,1015,20260908,1055.49,EUR,Mobile,Completed,False,TXN_11,RUN_2026_09_20_01,POSTGRES_OLTP,2026-09-20 22:46:16
12,1074,20260909,294.56,EUR,Web,Completed,False,TXN_12,RUN_2026_09_20_01,POSTGRES_OLTP,2026-09-20 22:46:16
13,1078,20260911,29.45,USD,ATM,Completed,False,TXN_13,RUN_2026_09_20_01,POSTGRES_OLTP,2026-09-20 22:46:16
14,1010,20260925,632.43,EUR,ATM,Completed,False,TXN_14,RUN_2026_09_20_01,POSTGRES_OLTP,2026-09-20 22:46:16
15,1016,20260909,2497.82,EUR,Web,Completed,False,TXN_15,RUN_2026_09_20_01,POSTGRES_OLTP,2026-09-20 22:46:16
16,1099,20260930,183.58,AZN,Web,Completed,False,TXN_16,RUN_2026_09_20_01,POSTGRES_OLTP,2026-09-20 22:46:16
17,1001,20260923,191.69,EUR,ATM,Completed,False,TXN_17,RUN_2026_09_20_01,POSTGRES_OLTP,2026-09-20 22:46:16
18,1002,20260905,529.17,USD,POS,Completed,False,TXN_18,RUN_2026_09_20_01,POSTGRES_OLTP,2026-09-20 22:46:16
19,1072,20260901,2198.06,USD,POS,Completed,False,TXN_19,RUN_2026_09_20_01,POSTGRES_OLTP,2026-09-20 22:46:16
20,1071,20260911,2124.34,EUR,Web,Completed,False,TXN_20,RUN_2026_09_20_01,POSTGRES_OLTP,2026-09-20 22:46:16
21,1021,20260920,496.69,AZN,Web,Completed,False,TXN_21,RUN_2026_09_20_01,POSTGRES_OLTP,2026-09-20 22:46:16
22,1072,20260905,1426.11,EUR,POS,Completed,False,TXN_22,RUN_2026_09_20_01,POSTGRES_OLTP,2026-09-20 22:46:16
23,1010,20260930,944.66,USD,Mobile,Completed,False,TXN_23,RUN_2026_09_20_01,POSTGRES_OLTP,2026-09-20 22:46:16
24,1086,20260928,900.49,USD,POS,Completed,False,TXN_24,RUN_2026_09_20_01,POSTGRES_OLTP,2026-09-20 22:46:16
25,1029,20260929,1475.86,USD,ATM,Completed,False,TXN_25,RUN_2026_09_20_01,POSTGRES_OLTP,2026-09-20 22:46:16
26,1095,20260918,1192.57,USD,ATM,Completed,False,TXN_26,RUN_2026_09_20_01,POSTGRES_OLTP,2026-09-20 22:46:16
27,1065,20260914,1980.03,USD,POS,Completed,False,TXN_27,RUN_2026_09_20_01,POSTGRES_OLTP,2026-09-20 22:46:16
28,1043,20260913,1156.03,USD,POS,Completed,False,TXN_28,RUN_2026_09_20_01,POSTGRES_OLTP,2026-09-20 22:46:16
29,1091,20260912,212.88,USD,Mobile,Completed,False,TXN_29,RUN_2026_09_20_01,POSTGRES_OLTP,2026-09-20 22:46:16
30,1075,20260926,206.82,AZN,POS,Completed,False,TXN_30,RUN_2026_09_20_01,POSTGRES_OLTP,2026-09-20 22:46:16
31,1070,20260925,474.18,AZN,Mobile,Completed,False,TXN_31,RUN_2026_09_20_01,POSTGRES_OLTP,2026-09-20 22:46:16
32,1085,20260915,1384.85,AZN,Mobile,Completed,False,TXN_32,RUN_2026_09_20_01,POSTGRES_OLTP,2026-09-20 22:46:16
33,1013,20260918,1909.26,EUR,Web,Completed,False,TXN_33,RUN_2026_09_20_01,POSTGRES_OLTP,2026-09-20 22:46:16
34,1008,20260929,620.54,USD,Mobile,Completed,False,TXN_34,RUN_2026_09_20_01,POSTGRES_OLTP,2026-09-20 22:46:16
35,1069,20260903,2469.43,AZN,Web,Completed,False,TXN_35,RUN_2026_09_20_01,POSTGRES_OLTP,2026-09-20 22:46:16
36,1059,20260929,1207.14,USD,Web,Completed,False,TXN_36,RUN_2026_09_20_01,POSTGRES_OLTP,2026-09-20 22:46:16
37,1059,20260924,242.95,USD,POS,Completed,False,TXN_37,RUN_2026_09_20_01,POSTGRES_OLTP,2026-09-20 22:46:16
38,1071,20260903,1821.15,EUR,ATM,Completed,False,TXN_38,RUN_2026_09_20_01,POSTGRES_OLTP,2026-09-20 22:46:16
39,1078,20260905,2112.29,EUR,Mobile,Completed,False,TXN_39,RUN_2026_09_20_01,POSTGRES_OLTP,2026-09-20 22:46:16
40,1072,20260928,2385.11,EUR,ATM,Completed,False,TXN_40,RUN_2026_09_20_01,POSTGRES_OLTP,2026-09-20 22:46:16
41,1017,20260906,2063.07,USD,Web,Completed,False,TXN_41,RUN_2026_09_20_01,POSTGRES_OLTP,2026-09-20 22:46:16
42,1040,20260905,1801.63,AZN,Web,Completed,False,TXN_42,RUN_2026_09_20_01,POSTGRES_OLTP,2026-09-20 22:46:16
43,1062,20260909,584.63,USD,Mobile,Completed,False,TXN_43,RUN_2026_09_20_01,POSTGRES_OLTP,2026-09-20 22:46:16
44,1019,20260913,1421.08,USD,ATM,Completed,False,TXN_44,RUN_2026_09_20_01,POSTGRES_OLTP,2026-09-20 22:46:16
45,1032,20260915,223.62,USD,Mobile,Completed,False,TXN_45,RUN_2026_09_20_01,POSTGRES_OLTP,2026-09-20 22:46:16
46,1037,20260923,1231.81,AZN,ATM,Completed,False,TXN_46,RUN_2026_09_20_01,POSTGRES_OLTP,2026-09-20 22:46:16
47,1009,20260909,510.85,EUR,ATM,Completed,False,TXN_47,RUN_2026_09_20_01,POSTGRES_OLTP,2026-09-20 22:46:16
48,1015,20260904,354.87,USD,POS,Completed,False,TXN_48,RUN_2026_09_20_01,POSTGRES_OLTP,2026-09-20 22:46:16
49,1019,20260925,1117.8,USD,ATM,Completed,False,TXN_49,RUN_2026_09_20_01,POSTGRES_OLTP,2026-09-20 22:46:16
50,1066,20260928,370.87,EUR,ATM,Completed,False,TXN_50,RUN_2026_09_20_01,POSTGRES_OLTP,2026-09-20 22:46:16
51,1090,20260907,874.0,USD,ATM,Completed,False,TXN_51,RUN_2026_09_20_01,POSTGRES_OLTP,2026-09-20 22:46:16
52,1099,20260924,2367.53,USD,ATM,Completed,False,TXN_52,RUN_2026_09_20_01,POSTGRES_OLTP,2026-09-20 22:46:16
53,1090,20260902,633.64,USD,ATM,Completed,False,TXN_53,RUN_2026_09_20_01,POSTGRES_OLTP,2026-09-20 22:46:16
54,1007,20260919,1518.14,AZN,Web,Completed,False,TXN_54,RUN_2026_09_20_01,POSTGRES_OLTP,2026-09-20 22:46:16
55,1092,20260911,232.88,AZN,POS,Completed,False,TXN_55,RUN_2026_09_20_01,POSTGRES_OLTP,2026-09-20 22:46:16
56,1060,20260929,1510.34,USD,POS,Completed,False,TXN_56,RUN_2026_09_20_01,POSTGRES_OLTP,2026-09-20 22:46:16
57,1080,20260912,2051.99,USD,Web,Completed,False,TXN_57,RUN_2026_09_20_01,POSTGRES_OLTP,2026-09-20 22:46:16
58,1073,20260904,1616.58,USD,POS,Completed,False,TXN_58,RUN_2026_09_20_01,POSTGRES_OLTP,2026-09-20 22:46:16
59,1059,20260924,420.37,EUR,POS,Completed,False,TXN_59,RUN_2026_09_20_01,POSTGRES_OLTP,2026-09-20 22:46:16
60,1040,20260914,2216.78,AZN,ATM,Completed,False,TXN_60,RUN_2026_09_20_01,POSTGRES_OLTP,2026-09-20 22:46:16
61,1060,20260907,1442.12,EUR,POS,Completed,False,TXN_61,RUN_2026_09_20_01,POSTGRES_OLTP,2026-09-20 22:46:16
62,1009,20260901,1874.47,AZN,Web,Completed,False,TXN_62,RUN_2026_09_20_01,POSTGRES_OLTP,2026-09-20 22:46:16
63,1004,20260916,377.87,EUR,Web,Completed,False,TXN_63,RUN_2026_09_20_01,POSTGRES_OLTP,2026-09-20 22:46:16
64,1008,20260916,442.09,EUR,POS,Completed,False,TXN_64,RUN_2026_09_20_01,POSTGRES_OLTP,2026-09-20 22:46:16
65,1085,20260903,1659.27,USD,POS,Completed,False,TXN_65,RUN_2026_09_20_01,POSTGRES_OLTP,2026-09-20 22:46:16
66,1047,20260930,883.39,EUR,ATM,Completed,False,TXN_66,RUN_2026_09_20_01,POSTGRES_OLTP,2026-09-20 22:46:16
67,1057,20260902,555.78,USD,POS,Completed,False,TXN_67,RUN_2026_09_20_01,POSTGRES_OLTP,2026-09-20 22:46:16
68,1002,20260906,758.48,USD,POS,Completed,False,TXN_68,RUN_2026_09_20_01,POSTGRES_OLTP,2026-09-20 22:46:16
69,1076,20260930,1753.54,USD,POS,Completed,False,TXN_69,RUN_2026_09_20_01,POSTGRES_OLTP,2026-09-20 22:46:16
70,1010,20260928,599.65,USD,POS,Completed,False,TXN_70,RUN_2026_09_20_01,POSTGRES_OLTP,2026-09-20 22:46:16
71,1080,20260924,1734.25,AZN,POS,Completed,False,TXN_71,RUN_2026_09_20_01,POSTGRES_OLTP,2026-09-20 22:46:16
72,1054,20260929,1334.35,USD,Web,Completed,False,TXN_72,RUN_2026_09_20_01,POSTGRES_OLTP,2026-09-20 22:46:16
73,1048,20260929,1681.45,USD,Mobile,Completed,False,TXN_73,RUN_2026_09_20_01,POSTGRES_OLTP,2026-09-20 22:46:16
74,1074,20260920,2005.09,AZN,Mobile,Completed,False,TXN_74,RUN_2026_09_20_01,POSTGRES_OLTP,2026-09-20 22:46:16
75,1040,20260923,344.75,USD,Web,Completed,False,TXN_75,RUN_2026_09_20_01,POSTGRES_OLTP,2026-09-20 22:46:16
76,1034,20260915,1300.66,EUR,ATM,Completed,False,TXN_76,RUN_2026_09_20_01,POSTGRES_OLTP,2026-09-20 22:46:16
77,1045,20260908,1214.44,USD,ATM,Completed,False,TXN_77,RUN_2026_09_20_01,POSTGRES_OLTP,2026-09-20 22:46:16
78,1070,20260915,941.11,AZN,Mobile,Completed,False,TXN_78,RUN_2026_09_20_01,POSTGRES_OLTP,2026-09-20 22:46:16
79,1098,20260913,417.21,AZN,Web,Completed,False,TXN_79,RUN_2026_09_20_01,POSTGRES_OLTP,2026-09-20 22:46:16
80,1075,20260904,459.68,EUR,POS,Completed,False,TXN_80,RUN_2026_09_20_01,POSTGRES_OLTP,2026-09-20 22:46:16
81,1005,20260904,124.87,USD,ATM,Completed,False,TXN_81,RUN_2026_09_20_01,POSTGRES_OLTP,2026-09-20 22:46:16
82,1029,20260904,1608.51,EUR,POS,Completed,False,TXN_82,RUN_2026_09_20_01,POSTGRES_OLTP,2026-09-20 22:46:16
83,1045,20260918,1940.12,AZN,Mobile,Completed,False,TXN_83,RUN_2026_09_20_01,POSTGRES_OLTP,2026-09-20 22:46:16
84,1049,20260929,2265.65,EUR,POS,Completed,False,TXN_84,RUN_2026_09_20_01,POSTGRES_OLTP,2026-09-20 22:46:16
85,1043,20260906,405.15,AZN,Mobile,Completed,False,TXN_85,RUN_2026_09_20_01,POSTGRES_OLTP,2026-09-20 22:46:16
86,1082,20260912,899.85,AZN,POS,Completed,False,TXN_86,RUN_2026_09_20_01,POSTGRES_OLTP,2026-09-20 22:46:16
87,1018,20260930,797.82,AZN,ATM,Completed,False,TXN_87,RUN_2026_09_20_01,POSTGRES_OLTP,2026-09-20 22:46:16
88,1033,20260919,1460.74,USD,POS,Completed,False,TXN_88,RUN_2026_09_20_01,POSTGRES_OLTP,2026-09-20 22:46:16
89,1076,20260907,1701.62,USD,Mobile,Completed,False,TXN_89,RUN_2026_09_20_01,POSTGRES_OLTP,2026-09-20 22:46:16
90,1069,20260907,1043.66,USD,ATM,Completed,False,TXN_90,RUN_2026_09_20_01,POSTGRES_OLTP,2026-09-20 22:46:16
91,1026,20260909,803.19,EUR,POS,Completed,False,TXN_91,RUN_2026_09_20_01,POSTGRES_OLTP,2026-09-20 22:46:16
92,1099,20260907,2046.75,AZN,Mobile,Completed,False,TXN_92,RUN_2026_09_20_01,POSTGRES_OLTP,2026-09-20 22:46:16
93,1031,20260917,260.66,AZN,Mobile,Completed,False,TXN_93,RUN_2026_09_20_01,POSTGRES_OLTP,2026-09-20 22:46:16
94,1036,20260918,2054.16,EUR,POS,Completed,False,TXN_94,RUN_2026_09_20_01,POSTGRES_OLTP,2026-09-20 22:46:16
95,1027,20260908,502.17,EUR,ATM,Completed,False,TXN_95,RUN_2026_09_20_01,POSTGRES_OLTP,2026-09-20 22:46:16
96,1012,20260904,1224.0,AZN,Mobile,Completed,False,TXN_96,RUN_2026_09_20_01,POSTGRES_OLTP,2026-09-20 22:46:16
97,1004,20260913,1277.52,EUR,ATM,Completed,False,TXN_97,RUN_2026_09_20_01,POSTGRES_OLTP,2026-09-20 22:46:16
98,1019,20260920,2425.18,AZN,Mobile,Completed,False,TXN_98,RUN_2026_09_20_01,POSTGRES_OLTP,2026-09-20 22:46:16
99,1078,20260915,1563.74,USD,POS,Completed,False,TXN_99,RUN_2026_09_20_01,POSTGRES_OLTP,2026-09-20 22:46:16
100,1034,20260912,1640.12,AZN,ATM,Completed,False,TXN_100,RUN_2026_09_20_01,POSTGRES_OLTP,2026-09-20 22:46:16
101,1053,20260904,902.27,EUR,POS,Completed,False,TXN_101,RUN_2026_09_20_01,POSTGRES_OLTP,2026-09-20 22:46:16
102,1011,20260907,1110.54,AZN,POS,Completed,False,TXN_102,RUN_2026_09_20_01,POSTGRES_OLTP,2026-09-20 22:46:16
103,1029,20260926,1237.59,EUR,POS,Completed,False,TXN_103,RUN_2026_09_20_01,POSTGRES_OLTP,2026-09-20 22:46:16
104,1065,20260906,719.51,USD,ATM,Completed,False,TXN_104,RUN_2026_09_20_01,POSTGRES_OLTP,2026-09-20 22:46:16
105,1005,20260903,1049.31,AZN,ATM,Completed,False,TXN_105,RUN_2026_09_20_01,POSTGRES_OLTP,2026-09-20 22:46:16
106,1002,20260928,459.96,USD,Web,Completed,False,TXN_106,RUN_2026_09_20_01,POSTGRES_OLTP,2026-09-20 22:46:16
107,1089,20260902,1910.08,AZN,ATM,Completed,False,TXN_107,RUN_2026_09_20_01,POSTGRES_OLTP,2026-09-20 22:46:16
108,1048,20260924,1920.87,EUR,POS,Completed,False,TXN_108,RUN_2026_09_20_01,POSTGRES_OLTP,2026-09-20 22:46:16
109,1069,20260914,950.6,AZN,POS,Completed,False,TXN_109,RUN_2026_09_20_01,POSTGRES_OLTP,2026-09-20 22:46:16
110,1057,20260927,2304.63,USD,Mobile,Completed,False,TXN_110,RUN_2026_09_20_01,POSTGRES_OLTP,2026-09-20 22:46:16
111,1098,20260905,194.55,AZN,Mobile,Completed,False,TXN_111,RUN_2026_09_20_01,POSTGRES_OLTP,2026-09-20 22:46:16
112,1025,20260927,2055.6,EUR,Mobile,Completed,False,TXN_112,RUN_2026_09_20_01,POSTGRES_OLTP,2026-09-20 22:46:16
113,1026,20260909,1501.23,AZN,Web,Completed,False,TXN_113,RUN_2026_09_20_01,POSTGRES_OLTP,2026-09-20 22:46:16
114,1006,20260926,917.08,USD,POS,Completed,False,TXN_114,RUN_2026_09_20_01,POSTGRES_OLTP,2026-09-20 22:46:16
115,1043,20260905,1639.22,EUR,Mobile,Completed,False,TXN_115,RUN_2026_09_20_01,POSTGRES_OLTP,2026-09-20 22:46:16
116,1040,20260912,908.38,EUR,ATM,Completed,False,TXN_116,RUN_2026_09_20_01,POSTGRES_OLTP,2026-09-20 22:46:16
117,1085,20260924,2034.36,USD,Web,Completed,False,TXN_117,RUN_2026_09_20_01,POSTGRES_OLTP,2026-09-20 22:46:16
118,1094,20260905,1924.76,AZN,Mobile,Completed,False,TXN_118,RUN_2026_09_20_01,POSTGRES_OLTP,2026-09-20 22:46:16
119,1046,20260925,1767.4,EUR,ATM,Completed,False,TXN_119,RUN_2026_09_20_01,POSTGRES_OLTP,2026-09-20 22:46:16
120,1036,20260917,2405.36,AZN,ATM,Completed,False,TXN_120,RUN_2026_09_20_01,POSTGRES_OLTP,2026-09-20 22:46:16
121,1074,20260921,940.36,USD,Mobile,Completed,False,TXN_121,RUN_2026_09_20_01,POSTGRES_OLTP,2026-09-20 22:46:16
122,1037,20260919,1939.05,USD,POS,Completed,False,TXN_122,RUN_2026_09_20_01,POSTGRES_OLTP,2026-09-20 22:46:16
123,1083,20260928,1167.34,USD,POS,Completed,False,TXN_123,RUN_2026_09_20_01,POSTGRES_OLTP,2026-09-20 22:46:16
124,1021,20260921,1568.5,USD,Mobile,Completed,False,TXN_124,RUN_2026_09_20_01,POSTGRES_OLTP,2026-09-20 22:46:16
125,1049,20260903,1722.0,EUR,POS,Completed,False,TXN_125,RUN_2026_09_20_01,POSTGRES_OLTP,2026-09-20 22:46:16
126,1097,20260903,1394.61,EUR,Mobile,Completed,False,TXN_126,RUN_2026_09_20_01,POSTGRES_OLTP,2026-09-20 22:46:16
127,1040,20260910,1027.22,AZN,Mobile,Completed,False,TXN_127,RUN_2026_09_20_01,POSTGRES_OLTP,2026-09-20 22:46:16
128,1039,20260918,1900.93,USD,Web,Completed,False,TXN_128,RUN_2026_09_20_01,POSTGRES_OLTP,2026-09-20 22:46:16
129,1076,20260904,1681.77,AZN,ATM,Completed,False,TXN_129,RUN_2026_09_20_01,POSTGRES_OLTP,2026-09-20 22:46:16
130,1043,20260916,2278.12,USD,Mobile,Completed,False,TXN_130,RUN_2026_09_20_01,POSTGRES_OLTP,2026-09-20 22:46:16
131,1058,20260916,620.89,AZN,Mobile,Completed,False,TXN_131,RUN_2026_09_20_01,POSTGRES_OLTP,2026-09-20 22:46:16
132,1069,20260903,534.98,AZN,Web,Completed,False,TXN_132,RUN_2026_09_20_01,POSTGRES_OLTP,2026-09-20 22:46:16
133,1031,20260923,1076.41,EUR,POS,Completed,False,TXN_133,RUN_2026_09_20_01,POSTGRES_OLTP,2026-09-20 22:46:16
134,1047,20260901,1866.9,AZN,Web,Completed,False,TXN_134,RUN_2026_09_20_01,POSTGRES_OLTP,2026-09-20 22:46:16
135,1030,20260903,1427.99,AZN,POS,Completed,False,TXN_135,RUN_2026_09_20_01,POSTGRES_OLTP,2026-09-20 22:46:16
136,1066,20260930,209.26,AZN,Mobile,Completed,False,TXN_136,RUN_2026_09_20_01,POSTGRES_OLTP,2026-09-20 22:46:16
137,1051,20260905,2070.43,USD,POS,Completed,False,TXN_137,RUN_2026_09_20_01,POSTGRES_OLTP,2026-09-20 22:46:16
138,1005,20260929,941.45,USD,POS,Completed,False,TXN_138,RUN_2026_09_20_01,POSTGRES_OLTP,2026-09-20 22:46:16
139,1063,20260911,1203.23,USD,Mobile,Completed,False,TXN_139,RUN_2026_09_20_01,POSTGRES_OLTP,2026-09-20 22:46:16
140,1063,20260901,1900.97,EUR,Web,Completed,False,TXN_140,RUN_2026_09_20_01,POSTGRES_OLTP,2026-09-20 22:46:16
141,1098,20260922,473.75,USD,ATM,Completed,False,TXN_141,RUN_2026_09_20_01,POSTGRES_OLTP,2026-09-20 22:46:16
142,1001,20260903,1970.18,AZN,POS,Completed,False,TXN_142,RUN_2026_09_20_01,POSTGRES_OLTP,2026-09-20 22:46:16
143,1008,20260912,2378.72,EUR,Mobile,Completed,False,TXN_143,RUN_2026_09_20_01,POSTGRES_OLTP,2026-09-20 22:46:16
144,1082,20260922,1086.74,AZN,POS,Completed,False,TXN_144,RUN_2026_09_20_01,POSTGRES_OLTP,2026-09-20 22:46:16
145,1058,20260918,1634.93,EUR,ATM,Completed,False,TXN_145,RUN_2026_09_20_01,POSTGRES_OLTP,2026-09-20 22:46:16
146,1052,20260930,540.7,EUR,Web,Completed,False,TXN_146,RUN_2026_09_20_01,POSTGRES_OLTP,2026-09-20 22:46:16
147,1058,20260907,1541.63,AZN,Web,Completed,False,TXN_147,RUN_2026_09_20_01,POSTGRES_OLTP,2026-09-20 22:46:16
148,1049,20260902,526.47,USD,Web,Completed,False,TXN_148,RUN_2026_09_20_01,POSTGRES_OLTP,2026-09-20 22:46:16
149,1019,20260917,1277.22,USD,POS,Completed,False,TXN_149,RUN_2026_09_20_01,POSTGRES_OLTP,2026-09-20 22:46:16
150,1042,20260918,702.02,USD,Mobile,Completed,False,TXN_150,RUN_2026_09_20_01,POSTGRES_OLTP,2026-09-20 22:46:16
151,1023,20260906,2089.47,USD,POS,Completed,False,TXN_151,RUN_2026_09_20_01,POSTGRES_OLTP,2026-09-20 22:46:16
152,1017,20260923,20.36,AZN,Web,Completed,False,TXN_152,RUN_2026_09_20_01,POSTGRES_OLTP,2026-09-20 22:46:16
153,1040,20260920,1122.47,USD,Web,Completed,False,TXN_153,RUN_2026_09_20_01,POSTGRES_OLTP,2026-09-20 22:46:16
154,1067,20260919,1860.81,AZN,ATM,Completed,False,TXN_154,RUN_2026_09_20_01,POSTGRES_OLTP,2026-09-20 22:46:16
155,1058,20260920,974.75,USD,Web,Completed,False,TXN_155,RUN_2026_09_20_01,POSTGRES_OLTP,2026-09-20 22:46:16
156,1062,20260901,1855.1,EUR,Mobile,Completed,False,TXN_156,RUN_2026_09_20_01,POSTGRES_OLTP,2026-09-20 22:46:16
157,1022,20260921,1756.75,EUR,Web,Completed,False,TXN_157,RUN_2026_09_20_01,POSTGRES_OLTP,2026-09-20 22:46:16
158,1020,20260915,1796.34,AZN,POS,Completed,False,TXN_158,RUN_2026_09_20_01,POSTGRES_OLTP,2026-09-20 22:46:16
159,1031,20260910,1727.49,USD,ATM,Completed,False,TXN_159,RUN_2026_09_20_01,POSTGRES_OLTP,2026-09-20 22:46:16
160,1026,20260906,1118.25,USD,POS,Completed,False,TXN_160,RUN_2026_09_20_01,POSTGRES_OLTP,2026-09-20 22:46:16
161,1005,20260906,910.42,EUR,ATM,Completed,False,TXN_161,RUN_2026_09_20_01,POSTGRES_OLTP,2026-09-20 22:46:16
162,1062,20260925,271.2,AZN,ATM,Completed,False,TXN_162,RUN_2026_09_20_01,POSTGRES_OLTP,2026-09-20 22:46:16
163,1079,20260909,1149.27,USD,POS,Completed,True,TXN_163,RUN_2026_09_20_01,POSTGRES_OLTP,2026-09-20 22:46:16
164,1058,20260920,2181.98,USD,POS,Completed,False,TXN_164,RUN_2026_09_20_01,POSTGRES_OLTP,2026-09-20 22:46:16
165,1072,20260910,2246.86,EUR,Web,Completed,False,TXN_165,RUN_2026_09_20_01,POSTGRES_OLTP,2026-09-20 22:46:16
166,1015,20260921,1988.38,EUR,Mobile,Completed,False,TXN_166,RUN_2026_09_20_01,POSTGRES_OLTP,2026-09-20 22:46:16
167,1035,20260925,987.3,USD,POS,Completed,True,TXN_167,RUN_2026_09_20_01,POSTGRES_OLTP,2026-09-20 22:46:16
168,1020,20260921,1158.36,AZN,POS,Completed,False,TXN_168,RUN_2026_09_20_01,POSTGRES_OLTP,2026-09-20 22:46:16
169,1017,20260901,1534.28,USD,Web,Completed,False,TXN_169,RUN_2026_09_20_01,POSTGRES_OLTP,2026-09-20 22:46:16
170,1020,20260920,2264.63,USD,POS,Completed,False,TXN_170,RUN_2026_09_20_01,POSTGRES_OLTP,2026-09-20 22:46:16
171,1064,20260929,1561.22,AZN,ATM,Completed,True,TXN_171,RUN_2026_09_20_01,POSTGRES_OLTP,2026-09-20 22:46:16
172,1045,20260923,1287.0,AZN,Mobile,Completed,False,TXN_172,RUN_2026_09_20_01,POSTGRES_OLTP,2026-09-20 22:46:16
173,1010,20260923,64.92,USD,POS,Completed,False,TXN_173,RUN_2026_09_20_01,POSTGRES_OLTP,2026-09-20 22:46:16
174,1100,20260910,2090.89,EUR,POS,Completed,False,TXN_174,RUN_2026_09_20_01,POSTGRES_OLTP,2026-09-20 22:46:16
175,1086,20260914,304.29,AZN,Mobile,Completed,False,TXN_175,RUN_2026_09_20_01,POSTGRES_OLTP,2026-09-20 22:46:16
176,1017,20260918,622.32,AZN,ATM,Completed,False,TXN_176,RUN_2026_09_20_01,POSTGRES_OLTP,2026-09-20 22:46:16
177,1046,20260920,1762.19,AZN,POS,Completed,False,TXN_177,RUN_2026_09_20_01,POSTGRES_OLTP,2026-09-20 22:46:16
178,1064,20260924,1007.71,AZN,Mobile,Completed,False,TXN_178,RUN_2026_09_20_01,POSTGRES_OLTP,2026-09-20 22:46:16
179,1012,20260907,1093.75,AZN,ATM,Completed,False,TXN_179,RUN_2026_09_20_01,POSTGRES_OLTP,2026-09-20 22:46:16
180,1090,20260907,622.15,EUR,Mobile,Completed,False,TXN_180,RUN_2026_09_20_01,POSTGRES_OLTP,2026-09-20 22:46:16
181,1072,20260910,1183.77,USD,Web,Completed,False,TXN_181,RUN_2026_09_20_01,POSTGRES_OLTP,2026-09-20 22:46:16
182,1071,20260923,991.39,EUR,ATM,Completed,False,TXN_182,RUN_2026_09_20_01,POSTGRES_OLTP,2026-09-20 22:46:16
183,1028,20260920,2322.12,EUR,POS,Completed,False,TXN_183,RUN_2026_09_20_01,POSTGRES_OLTP,2026-09-20 22:46:16
184,1075,20260918,391.58,USD,Mobile,Completed,False,TXN_184,RUN_2026_09_20_01,POSTGRES_OLTP,2026-09-20 22:46:16
185,1098,20260906,1036.34,USD,Mobile,Completed,False,TXN_185,RUN_2026_09_20_01,POSTGRES_OLTP,2026-09-20 22:46:16
186,1075,20260917,1364.23,AZN,ATM,Completed,False,TXN_186,RUN_2026_09_20_01,POSTGRES_OLTP,2026-09-20 22:46:16
187,1033,20260927,1726.81,AZN,POS,Completed,True,TXN_187,RUN_2026_09_20_01,POSTGRES_OLTP,2026-09-20 22:46:16
188,1098,20260912,1476.39,AZN,POS,Completed,False,TXN_188,RUN_2026_09_20_01,POSTGRES_OLTP,2026-09-20 22:46:16
189,1010,20260901,85.62,USD,Mobile,Completed,False,TXN_189,RUN_2026_09_20_01,POSTGRES_OLTP,2026-09-20 22:46:16
190,1079,20260929,338.31,EUR,POS,Completed,False,TXN_190,RUN_2026_09_20_01,POSTGRES_OLTP,2026-09-20 22:46:16
191,1012,20260915,1690.85,USD,ATM,Completed,False,TXN_191,RUN_2026_09_20_01,POSTGRES_OLTP,2026-09-20 22:46:16
192,1017,20260911,596.76,AZN,Mobile,Completed,False,TXN_192,RUN_2026_09_20_01,POSTGRES_OLTP,2026-09-20 22:46:16
193,1057,20260905,2425.74,AZN,Web,Completed,False,TXN_193,RUN_2026_09_20_01,POSTGRES_OLTP,2026-09-20 22:46:16
194,1083,20260918,2365.5,AZN,Mobile,Completed,False,TXN_194,RUN_2026_09_20_01,POSTGRES_OLTP,2026-09-20 22:46:16
195,1060,20260928,527.16,AZN,ATM,Completed,False,TXN_195,RUN_2026_09_20_01,POSTGRES_OLTP,2026-09-20 22:46:16
196,1044,20260906,1782.55,EUR,Mobile,Completed,False,TXN_196,RUN_2026_09_20_01,POSTGRES_OLTP,2026-09-20 22:46:16
197,1041,20260929,961.77,EUR,ATM,Completed,False,TXN_197,RUN_2026_09_20_01,POSTGRES_OLTP,2026-09-20 22:46:16
198,1022,20260902,1937.47,AZN,POS,Completed,False,TXN_198,RUN_2026_09_20_01,POSTGRES_OLTP,2026-09-20 22:46:16
199,1027,20260906,2050.94,EUR,Mobile,Completed,False,TXN_199,RUN_2026_09_20_01,POSTGRES_OLTP,2026-09-20 22:46:16
200,1004,20260917,1135.84,USD,Web,Completed,False,TXN_200,RUN_2026_09_20_01,POSTGRES_OLTP,2026-09-20 22:46:16
201,1048,20260903,474.0,AZN,POS,Completed,False,TXN_201,RUN_2026_09_20_01,POSTGRES_OLTP,2026-09-20 22:46:16
202,1003,20260902,1020.89,EUR,ATM,Completed,False,TXN_202,RUN_2026_09_20_01,POSTGRES_OLTP,2026-09-20 22:46:16
203,1067,20260911,1236.06,USD,Web,Completed,False,TXN_203,RUN_2026_09_20_01,POSTGRES_OLTP,2026-09-20 22:46:16
204,1078,20260920,365.17,AZN,ATM,Completed,False,TXN_204,RUN_2026_09_20_01,POSTGRES_OLTP,2026-09-20 22:46:16
205,1058,20260906,1446.65,EUR,POS,Completed,False,TXN_205,RUN_2026_09_20_01,POSTGRES_OLTP,2026-09-20 22:46:16
206,1020,20260909,705.83,AZN,ATM,Completed,False,TXN_206,RUN_2026_09_20_01,POSTGRES_OLTP,2026-09-20 22:46:16
207,1050,20260905,1442.26,USD,ATM,Completed,False,TXN_207,RUN_2026_09_20_01,POSTGRES_OLTP,2026-09-20 22:46:16
208,1090,20260922,410.82,EUR,POS,Completed,False,TXN_208,RUN_2026_09_20_01,POSTGRES_OLTP,2026-09-20 22:46:16
209,1088,20260911,1735.21,EUR,ATM,Completed,False,TXN_209,RUN_2026_09_20_01,POSTGRES_OLTP,2026-09-20 22:46:16
210,1077,20260922,1557.63,EUR,Web,Completed,False,TXN_210,RUN_2026_09_20_01,POSTGRES_OLTP,2026-09-20 22:46:16
211,1091,20260905,2409.44,USD,POS,Completed,False,TXN_211,RUN_2026_09_20_01,POSTGRES_OLTP,2026-09-20 22:46:16
212,1037,20260905,1339.88,EUR,POS,Completed,False,TXN_212,RUN_2026_09_20_01,POSTGRES_OLTP,2026-09-20 22:46:16
213,1047,20260905,1180.59,AZN,Web,Completed,False,TXN_213,RUN_2026_09_20_01,POSTGRES_OLTP,2026-09-20 22:46:16
214,1067,20260906,992.18,EUR,POS,Completed,False,TXN_214,RUN_2026_09_20_01,POSTGRES_OLTP,2026-09-20 22:46:16
215,1091,20260904,2159.98,EUR,ATM,Completed,False,TXN_215,RUN_2026_09_20_01,POSTGRES_OLTP,2026-09-20 22:46:16
216,1039,20260908,529.12,AZN,Mobile,Completed,False,TXN_216,RUN_2026_09_20_01,POSTGRES_OLTP,2026-09-20 22:46:16
217,1074,20260917,1186.14,EUR,POS,Completed,False,TXN_217,RUN_2026_09_20_01,POSTGRES_OLTP,2026-09-20 22:46:16
218,1032,20260903,799.69,AZN,POS,Completed,False,TXN_218,RUN_2026_09_20_01,POSTGRES_OLTP,2026-09-20 22:46:16
219,1070,20260921,1618.54,USD,Web,Completed,False,TXN_219,RUN_2026_09_20_01,POSTGRES_OLTP,2026-09-20 22:46:16
220,1024,20260914,1415.03,USD,ATM,Completed,False,TXN_220,RUN_2026_09_20_01,POSTGRES_OLTP,2026-09-20 22:46:16
221,1098,20260905,236.39,USD,Mobile,Completed,False,TXN_221,RUN_2026_09_20_01,POSTGRES_OLTP,2026-09-20 22:46:16
222,1100,20260916,1609.93,EUR,Web,Completed,False,TXN_222,RUN_2026_09_20_01,POSTGRES_OLTP,2026-09-20 22:46:16
223,1082,20260903,1152.4,AZN,Web,Completed,False,TXN_223,RUN_2026_09_20_01,POSTGRES_OLTP,2026-09-20 22:46:16
224,1089,20260919,943.92,USD,ATM,Completed,False,TXN_224,RUN_2026_09_20_01,POSTGRES_OLTP,2026-09-20 22:46:16
225,1032,20260919,2294.07,USD,Mobile,Completed,False,TXN_225,RUN_2026_09_20_01,POSTGRES_OLTP,2026-09-20 22:46:16
226,1052,20260911,557.46,EUR,Mobile,Completed,False,TXN_226,RUN_2026_09_20_01,POSTGRES_OLTP,2026-09-20 22:46:16
227,1006,20260927,714.28,USD,ATM,Completed,False,TXN_227,RUN_2026_09_20_01,POSTGRES_OLTP,2026-09-20 22:46:16
228,1058,20260905,984.72,AZN,Web,Completed,False,TXN_228,RUN_2026_09_20_01,POSTGRES_OLTP,2026-09-20 22:46:16
229,1090,20260912,705.44,EUR,Web,Completed,False,TXN_229,RUN_2026_09_20_01,POSTGRES_OLTP,2026-09-20 22:46:16
230,1069,20260912,283.11,AZN,ATM,Completed,False,TXN_230,RUN_2026_09_20_01,POSTGRES_OLTP,2026-09-20 22:46:16
231,1079,20260916,1025.66,USD,POS,Completed,False,TXN_231,RUN_2026_09_20_01,POSTGRES_OLTP,2026-09-20 22:46:16
232,1014,20260917,492.71,USD,ATM,Completed,False,TXN_232,RUN_2026_09_20_01,POSTGRES_OLTP,2026-09-20 22:46:16
233,1095,20260912,1256.56,USD,POS,Completed,False,TXN_233,RUN_2026_09_20_01,POSTGRES_OLTP,2026-09-20 22:46:16
234,1094,20260905,1223.38,AZN,POS,Completed,False,TXN_234,RUN_2026_09_20_01,POSTGRES_OLTP,2026-09-20 22:46:16
235,1010,20260906,2069.49,USD,POS,Completed,False,TXN_235,RUN_2026_09_20_01,POSTGRES_OLTP,2026-09-20 22:46:16
236,1018,20260921,1111.06,AZN,Mobile,Completed,False,TXN_236,RUN_2026_09_20_01,POSTGRES_OLTP,2026-09-20 22:46:16
237,1038,20260911,229.31,EUR,ATM,Completed,False,TXN_237,RUN_2026_09_20_01,POSTGRES_OLTP,2026-09-20 22:46:16
238,1005,20260911,903.79,EUR,ATM,Completed,False,TXN_238,RUN_2026_09_20_01,POSTGRES_OLTP,2026-09-20 22:46:16
239,1087,20260921,385.25,USD,ATM,Completed,False,TXN_239,RUN_2026_09_20_01,POSTGRES_OLTP,2026-09-20 22:46:16
240,1043,20260925,653.05,USD,Web,Completed,False,TXN_240,RUN_2026_09_20_01,POSTGRES_OLTP,2026-09-20 22:46:16
241,1022,20260915,2056.46,AZN,Mobile,Completed,False,TXN_241,RUN_2026_09_20_01,POSTGRES_OLTP,2026-09-20 22:46:16
242,1086,20260923,2462.53,EUR,Web,Completed,False,TXN_242,RUN_2026_09_20_01,POSTGRES_OLTP,2026-09-20 22:46:16
243,1021,20260903,1748.79,USD,ATM,Completed,False,TXN_243,RUN_2026_09_20_01,POSTGRES_OLTP,2026-09-20 22:46:16
244,1031,20260930,2400.19,AZN,Web,Completed,False,TXN_244,RUN_2026_09_20_01,POSTGRES_OLTP,2026-09-20 22:46:16
245,1055,20260927,1269.16,USD,Web,Completed,False,TXN_245,RUN_2026_09_20_01,POSTGRES_OLTP,2026-09-20 22:46:16
246,1068,20260929,285.11,USD,ATM,Completed,False,TXN_246,RUN_2026_09_20_01,POSTGRES_OLTP,2026-09-20 22:46:16
247,1097,20260901,1657.09,USD,ATM,Completed,False,TXN_247,RUN_2026_09_20_01,POSTGRES_OLTP,2026-09-20 22:46:16
248,1099,20260929,451.91,USD,ATM,Completed,False,TXN_248,RUN_2026_09_20_01,POSTGRES_OLTP,2026-09-20 22:46:16
249,1100,20260914,448.45,EUR,Mobile,Completed,False,TXN_249,RUN_2026_09_20_01,POSTGRES_OLTP,2026-09-20 22:46:16
250,1090,20260912,1146.09,EUR,POS,Completed,False,TXN_250,RUN_2026_09_20_01,POSTGRES_OLTP,2026-09-20 22:46:16
251,1093,20260908,615.09,USD,Web,Completed,False,TXN_251,RUN_2026_09_20_01,POSTGRES_OLTP,2026-09-20 22:46:16
252,1056,20260912,483.91,EUR,Web,Completed,False,TXN_252,RUN_2026_09_20_01,POSTGRES_OLTP,2026-09-20 22:46:16
253,1057,20260917,1181.59,AZN,Mobile,Completed,False,TXN_253,RUN_2026_09_20_01,POSTGRES_OLTP,2026-09-20 22:46:16
254,1037,20260909,1250.33,EUR,Mobile,Completed,False,TXN_254,RUN_2026_09_20_01,POSTGRES_OLTP,2026-09-20 22:46:16
255,1045,20260925,1651.41,AZN,POS,Completed,False,TXN_255,RUN_2026_09_20_01,POSTGRES_OLTP,2026-09-20 22:46:16
256,1057,20260914,122.99,AZN,ATM,Completed,False,TXN_256,RUN_2026_09_20_01,POSTGRES_OLTP,2026-09-20 22:46:16
257,1080,20260923,921.94,EUR,POS,Completed,False,TXN_257,RUN_2026_09_20_01,POSTGRES_OLTP,2026-09-20 22:46:16
258,1055,20260913,1743.76,USD,ATM,Completed,False,TXN_258,RUN_2026_09_20_01,POSTGRES_OLTP,2026-09-20 22:46:16
259,1045,20260903,327.25,EUR,Web,Completed,False,TXN_259,RUN_2026_09_20_01,POSTGRES_OLTP,2026-09-20 22:46:16
260,1057,20260918,487.74,USD,ATM,Completed,False,TXN_260,RUN_2026_09_20_01,POSTGRES_OLTP,2026-09-20 22:46:16
261,1098,20260918,258.39,AZN,ATM,Completed,False,TXN_261,RUN_2026_09_20_01,POSTGRES_OLTP,2026-09-20 22:46:16
262,1056,20260916,1088.54,AZN,ATM,Completed,False,TXN_262,RUN_2026_09_20_01,POSTGRES_OLTP,2026-09-20 22:46:16
263,1099,20260908,186.09,USD,Mobile,Completed,False,TXN_263,RUN_2026_09_20_01,POSTGRES_OLTP,2026-09-20 22:46:16
264,1067,20260912,583.71,USD,Web,Completed,False,TXN_264,RUN_2026_09_20_01,POSTGRES_OLTP,2026-09-20 22:46:16
265,1083,20260915,697.5,USD,Mobile,Completed,False,TXN_265,RUN_2026_09_20_01,POSTGRES_OLTP,2026-09-20 22:46:16
266,1048,20260929,1169.02,AZN,Web,Completed,False,TXN_266,RUN_2026_09_20_01,POSTGRES_OLTP,2026-09-20 22:46:16
267,1049,20260917,539.6,AZN,Web,Completed,False,TXN_267,RUN_2026_09_20_01,POSTGRES_OLTP,2026-09-20 22:46:16
268,1047,20260908,348.52,USD,Mobile,Completed,False,TXN_268,RUN_2026_09_20_01,POSTGRES_OLTP,2026-09-20 22:46:16
269,1099,20260906,2039.04,USD,ATM,Completed,False,TXN_269,RUN_2026_09_20_01,POSTGRES_OLTP,2026-09-20 22:46:16
270,1080,20260928,1485.15,USD,Web,Completed,False,TXN_270,RUN_2026_09_20_01,POSTGRES_OLTP,2026-09-20 22:46:16
271,1043,20260929,2457.77,AZN,Web,Completed,False,TXN_271,RUN_2026_09_20_01,POSTGRES_OLTP,2026-09-20 22:46:16
272,1088,20260927,292.39,EUR,Web,Completed,False,TXN_272,RUN_2026_09_20_01,POSTGRES_OLTP,2026-09-20 22:46:16
273,1018,20260925,1226.72,AZN,Mobile,Completed,False,TXN_273,RUN_2026_09_20_01,POSTGRES_OLTP,2026-09-20 22:46:16
274,1088,20260916,392.94,USD,POS,Completed,False,TXN_274,RUN_2026_09_20_01,POSTGRES_OLTP,2026-09-20 22:46:16
275,1016,20260904,147.46,EUR,Web,Completed,False,TXN_275,RUN_2026_09_20_01,POSTGRES_OLTP,2026-09-20 22:46:16
276,1098,20260904,1298.91,AZN,Mobile,Completed,False,TXN_276,RUN_2026_09_20_01,POSTGRES_OLTP,2026-09-20 22:46:16
277,1100,20260928,2438.33,EUR,ATM,Completed,False,TXN_277,RUN_2026_09_20_01,POSTGRES_OLTP,2026-09-20 22:46:16
278,1095,20260903,1221.55,EUR,POS,Completed,False,TXN_278,RUN_2026_09_20_01,POSTGRES_OLTP,2026-09-20 22:46:16
279,1083,20260916,1815.85,AZN,Mobile,Completed,False,TXN_279,RUN_2026_09_20_01,POSTGRES_OLTP,2026-09-20 22:46:16
280,1038,20260915,1867.91,USD,POS,Completed,False,TXN_280,RUN_2026_09_20_01,POSTGRES_OLTP,2026-09-20 22:46:16
281,1068,20260912,489.99,USD,Mobile,Completed,False,TXN_281,RUN_2026_09_20_01,POSTGRES_OLTP,2026-09-20 22:46:16
282,1014,20260918,611.35,AZN,POS,Completed,False,TXN_282,RUN_2026_09_20_01,POSTGRES_OLTP,2026-09-20 22:46:16
283,1053,20260913,1302.59,AZN,POS,Completed,False,TXN_283,RUN_2026_09_20_01,POSTGRES_OLTP,2026-09-20 22:46:16
284,1050,20260910,1764.63,USD,Web,Completed,False,TXN_284,RUN_2026_09_20_01,POSTGRES_OLTP,2026-09-20 22:46:16
285,1058,20260916,1797.57,AZN,POS,Completed,False,TXN_285,RUN_2026_09_20_01,POSTGRES_OLTP,2026-09-20 22:46:16
286,1030,20260915,732.06,EUR,Mobile,Completed,False,TXN_286,RUN_2026_09_20_01,POSTGRES_OLTP,2026-09-20 22:46:16
287,1029,20260904,1369.31,USD,POS,Completed,False,TXN_287,RUN_2026_09_20_01,POSTGRES_OLTP,2026-09-20 22:46:16
288,1036,20260922,663.83,EUR,Web,Completed,False,TXN_288,RUN_2026_09_20_01,POSTGRES_OLTP,2026-09-20 22:46:16
289,1066,20260924,1922.07,AZN,ATM,Completed,False,TXN_289,RUN_2026_09_20_01,POSTGRES_OLTP,2026-09-20 22:46:16
290,1007,20260926,956.97,AZN,Web,Completed,False,TXN_290,RUN_2026_09_20_01,POSTGRES_OLTP,2026-09-20 22:46:16
291,1045,20260918,1815.59,USD,Web,Completed,True,TXN_291,RUN_2026_09_20_01,POSTGRES_OLTP,2026-09-20 22:46:16
292,1015,20260906,45.78,USD,ATM,Completed,False,TXN_292,RUN_2026_09_20_01,POSTGRES_OLTP,2026-09-20 22:46:16
293,1062,20260905,589.34,EUR,POS,Completed,False,TXN_293,RUN_2026_09_20_01,POSTGRES_OLTP,2026-09-20 22:46:16
294,1026,20260910,1472.93,USD,Mobile,Completed,False,TXN_294,RUN_2026_09_20_01,POSTGRES_OLTP,2026-09-20 22:46:16
295,1092,20260902,2099.91,EUR,Mobile,Completed,False,TXN_295,RUN_2026_09_20_01,POSTGRES_OLTP,2026-09-20 22:46:16
296,1080,20260916,1654.1,USD,ATM,Completed,False,TXN_296,RUN_2026_09_20_01,POSTGRES_OLTP,2026-09-20 22:46:16
297,1059,20260915,668.75,USD,Web,Completed,False,TXN_297,RUN_2026_09_20_01,POSTGRES_OLTP,2026-09-20 22:46:16
298,1051,20260921,382.82,USD,Web,Completed,False,TXN_298,RUN_2026_09_20_01,POSTGRES_OLTP,2026-09-20 22:46:16
299,1007,20260921,632.66,USD,Web,Completed,False,TXN_299,RUN_2026_09_20_01,POSTGRES_OLTP,2026-09-20 22:46:16
300,1037,20260925,1140.86,AZN,POS,Completed,False,TXN_300,RUN_2026_09_20_01,POSTGRES_OLTP,2026-09-20 22:46:16
301,1040,20260922,561.63,USD,Web,Completed,False,TXN_301,RUN_2026_09_20_01,POSTGRES_OLTP,2026-09-20 22:46:16
302,1039,20260916,944.38,EUR,Mobile,Completed,False,TXN_302,RUN_2026_09_20_01,POSTGRES_OLTP,2026-09-20 22:46:16
303,1025,20260913,1778.45,AZN,Web,Completed,False,TXN_303,RUN_2026_09_20_01,POSTGRES_OLTP,2026-09-20 22:46:16
304,1040,20260912,1664.93,USD,Mobile,Completed,False,TXN_304,RUN_2026_09_20_01,POSTGRES_OLTP,2026-09-20 22:46:16
305,1062,20260918,1814.38,AZN,POS,Completed,False,TXN_305,RUN_2026_09_20_01,POSTGRES_OLTP,2026-09-20 22:46:16
306,1089,20260916,143.23,USD,Mobile,Completed,False,TXN_306,RUN_2026_09_20_01,POSTGRES_OLTP,2026-09-20 22:46:16
307,1047,20260908,1547.83,AZN,Mobile,Completed,False,TXN_307,RUN_2026_09_20_01,POSTGRES_OLTP,2026-09-20 22:46:16
308,1030,20260917,1409.25,USD,ATM,Completed,False,TXN_308,RUN_2026_09_20_01,POSTGRES_OLTP,2026-09-20 22:46:16
309,1005,20260920,2270.13,USD,Web,Completed,False,TXN_309,RUN_2026_09_20_01,POSTGRES_OLTP,2026-09-20 22:46:16
310,1022,20260907,780.95,EUR,Web,Completed,False,TXN_310,RUN_2026_09_20_01,POSTGRES_OLTP,2026-09-20 22:46:16
311,1065,20260901,1022.68,AZN,Web,Completed,False,TXN_311,RUN_2026_09_20_01,POSTGRES_OLTP,2026-09-20 22:46:16
312,1051,20260911,469.23,EUR,ATM,Completed,False,TXN_312,RUN_2026_09_20_01,POSTGRES_OLTP,2026-09-20 22:46:16
313,1027,20260911,918.26,USD,Mobile,Completed,False,TXN_313,RUN_2026_09_20_01,POSTGRES_OLTP,2026-09-20 22:46:16
314,1031,20260909,1070.0,USD,Web,Completed,False,TXN_314,RUN_2026_09_20_01,POSTGRES_OLTP,2026-09-20 22:46:16
315,1093,20260911,410.0,AZN,ATM,Completed,False,TXN_315,RUN_2026_09_20_01,POSTGRES_OLTP,2026-09-20 22:46:16
316,1069,20260915,1732.76,USD,Web,Completed,False,TXN_316,RUN_2026_09_20_01,POSTGRES_OLTP,2026-09-20 22:46:16
317,1069,20260908,472.53,EUR,ATM,Completed,False,TXN_317,RUN_2026_09_20_01,POSTGRES_OLTP,2026-09-20 22:46:16
318,1005,20260904,825.51,EUR,ATM,Completed,True,TXN_318,RUN_2026_09_20_01,POSTGRES_OLTP,2026-09-20 22:46:16
319,1019,20260903,1775.88,EUR,Mobile,Completed,False,TXN_319,RUN_2026_09_20_01,POSTGRES_OLTP,2026-09-20 22:46:16
320,1073,20260914,470.63,AZN,Web,Completed,False,TXN_320,RUN_2026_09_20_01,POSTGRES_OLTP,2026-09-20 22:46:16
321,1040,20260919,227.45,EUR,Web,Completed,False,TXN_321,RUN_2026_09_20_01,POSTGRES_OLTP,2026-09-20 22:46:16
322,1092,20260919,1015.22,EUR,ATM,Completed,False,TXN_322,RUN_2026_09_20_01,POSTGRES_OLTP,2026-09-20 22:46:16
323,1049,20260930,712.29,USD,Mobile,Completed,False,TXN_323,RUN_2026_09_20_01,POSTGRES_OLTP,2026-09-20 22:46:16
324,1047,20260929,1693.45,EUR,Mobile,Completed,False,TXN_324,RUN_2026_09_20_01,POSTGRES_OLTP,2026-09-20 22:46:16
325,1081,20260901,711.44,EUR,Mobile,Completed,False,TXN_325,RUN_2026_09_20_01,POSTGRES_OLTP,2026-09-20 22:46:16
326,1066,20260927,2363.12,EUR,Mobile,Completed,False,TXN_326,RUN_2026_09_20_01,POSTGRES_OLTP,2026-09-20 22:46:16
327,1081,20260909,1792.94,EUR,POS,Completed,False,TXN_327,RUN_2026_09_20_01,POSTGRES_OLTP,2026-09-20 22:46:16
328,1091,20260914,2448.67,USD,POS,Completed,False,TXN_328,RUN_2026_09_20_01,POSTGRES_OLTP,2026-09-20 22:46:16
329,1005,20260911,201.12,EUR,POS,Completed,False,TXN_329,RUN_2026_09_20_01,POSTGRES_OLTP,2026-09-20 22:46:16
330,1051,20260922,2206.08,AZN,Web,Completed,False,TXN_330,RUN_2026_09_20_01,POSTGRES_OLTP,2026-09-20 22:46:16
331,1058,20260907,781.31,USD,ATM,Completed,False,TXN_331,RUN_2026_09_20_01,POSTGRES_OLTP,2026-09-20 22:46:16
332,1082,20260921,430.07,AZN,Mobile,Completed,False,TXN_332,RUN_2026_09_20_01,POSTGRES_OLTP,2026-09-20 22:46:16
333,1073,20260909,130.88,USD,POS,Completed,False,TXN_333,RUN_2026_09_20_01,POSTGRES_OLTP,2026-09-20 22:46:16
334,1040,20260928,665.67,EUR,ATM,Completed,True,TXN_334,RUN_2026_09_20_01,POSTGRES_OLTP,2026-09-20 22:46:16
335,1096,20260920,1207.13,AZN,Web,Completed,False,TXN_335,RUN_2026_09_20_01,POSTGRES_OLTP,2026-09-20 22:46:16
336,1087,20260913,385.55,AZN,Web,Completed,False,TXN_336,RUN_2026_09_20_01,POSTGRES_OLTP,2026-09-20 22:46:16
337,1012,20260906,934.52,USD,ATM,Completed,False,TXN_337,RUN_2026_09_20_01,POSTGRES_OLTP,2026-09-20 22:46:16
338,1097,20260919,1458.35,USD,POS,Completed,False,TXN_338,RUN_2026_09_20_01,POSTGRES_OLTP,2026-09-20 22:46:16
339,1084,20260927,1694.27,AZN,Web,Completed,False,TXN_339,RUN_2026_09_20_01,POSTGRES_OLTP,2026-09-20 22:46:16
340,1052,20260928,1735.32,AZN,Web,Completed,False,TXN_340,RUN_2026_09_20_01,POSTGRES_OLTP,2026-09-20 22:46:16
341,1058,20260905,629.75,AZN,POS,Completed,False,TXN_341,RUN_2026_09_20_01,POSTGRES_OLTP,2026-09-20 22:46:16
342,1024,20260920,2434.08,EUR,Mobile,Completed,False,TXN_342,RUN_2026_09_20_01,POSTGRES_OLTP,2026-09-20 22:46:16
343,1075,20260926,897.35,AZN,Web,Completed,False,TXN_343,RUN_2026_09_20_01,POSTGRES_OLTP,2026-09-20 22:46:16
344,1043,20260906,1351.24,USD,Web,Completed,False,TXN_344,RUN_2026_09_20_01,POSTGRES_OLTP,2026-09-20 22:46:16
345,1085,20260904,2291.36,AZN,ATM,Completed,False,TXN_345,RUN_2026_09_20_01,POSTGRES_OLTP,2026-09-20 22:46:16
346,1008,20260915,2005.09,AZN,POS,Completed,False,TXN_346,RUN_2026_09_20_01,POSTGRES_OLTP,2026-09-20 22:46:16
347,1029,20260923,80.47,AZN,ATM,Completed,False,TXN_347,RUN_2026_09_20_01,POSTGRES_OLTP,2026-09-20 22:46:16
348,1080,20260918,2010.89,AZN,ATM,Completed,True,TXN_348,RUN_2026_09_20_01,POSTGRES_OLTP,2026-09-20 22:46:16
349,1046,20260914,2405.47,AZN,Mobile,Completed,False,TXN_349,RUN_2026_09_20_01,POSTGRES_OLTP,2026-09-20 22:46:16
350,1001,20260926,1819.74,AZN,ATM,Completed,False,TXN_350,RUN_2026_09_20_01,POSTGRES_OLTP,2026-09-20 22:46:16
351,1052,20260907,99.46,EUR,ATM,Completed,False,TXN_351,RUN_2026_09_20_01,POSTGRES_OLTP,2026-09-20 22:46:16
352,1097,20260909,1623.65,EUR,Mobile,Completed,False,TXN_352,RUN_2026_09_20_01,POSTGRES_OLTP,2026-09-20 22:46:16
353,1021,20260917,1620.95,AZN,Web,Completed,False,TXN_353,RUN_2026_09_20_01,POSTGRES_OLTP,2026-09-20 22:46:16
354,1100,20260919,955.03,USD,Mobile,Completed,False,TXN_354,RUN_2026_09_20_01,POSTGRES_OLTP,2026-09-20 22:46:16
355,1079,20260923,1903.51,EUR,Web,Completed,False,TXN_355,RUN_2026_09_20_01,POSTGRES_OLTP,2026-09-20 22:46:16
356,1045,20260901,2376.24,EUR,ATM,Completed,False,TXN_356,RUN_2026_09_20_01,POSTGRES_OLTP,2026-09-20 22:46:16
357,1081,20260911,2224.62,EUR,Web,Completed,False,TXN_357,RUN_2026_09_20_01,POSTGRES_OLTP,2026-09-20 22:46:16
358,1050,20260905,498.14,AZN,Web,Completed,False,TXN_358,RUN_2026_09_20_01,POSTGRES_OLTP,2026-09-20 22:46:16
359,1024,20260930,649.21,AZN,Mobile,Completed,False,TXN_359,RUN_2026_09_20_01,POSTGRES_OLTP,2026-09-20 22:46:16
360,1042,20260922,1262.48,EUR,Web,Completed,False,TXN_360,RUN_2026_09_20_01,POSTGRES_OLTP,2026-09-20 22:46:16
361,1097,20260913,569.31,AZN,ATM,Completed,False,TXN_361,RUN_2026_09_20_01,POSTGRES_OLTP,2026-09-20 22:46:16
362,1018,20260925,1009.25,USD,POS,Completed,False,TXN_362,RUN_2026_09_20_01,POSTGRES_OLTP,2026-09-20 22:46:16
363,1076,20260909,1713.2,EUR,Web,Completed,False,TXN_363,RUN_2026_09_20_01,POSTGRES_OLTP,2026-09-20 22:46:16
364,1005,20260930,1168.31,EUR,Mobile,Completed,False,TXN_364,RUN_2026_09_20_01,POSTGRES_OLTP,2026-09-20 22:46:16
365,1087,20260914,1475.36,USD,Web,Completed,False,TXN_365,RUN_2026_09_20_01,POSTGRES_OLTP,2026-09-20 22:46:16
366,1017,20260909,556.19,USD,Mobile,Completed,False,TXN_366,RUN_2026_09_20_01,POSTGRES_OLTP,2026-09-20 22:46:16
367,1042,20260903,2249.64,USD,ATM,Completed,False,TXN_367,RUN_2026_09_20_01,POSTGRES_OLTP,2026-09-20 22:46:16
368,1046,20260926,801.57,EUR,ATM,Completed,False,TXN_368,RUN_2026_09_20_01,POSTGRES_OLTP,2026-09-20 22:46:16
369,1084,20260925,984.79,EUR,POS,Completed,False,TXN_369,RUN_2026_09_20_01,POSTGRES_OLTP,2026-09-20 22:46:16
370,1056,20260926,1296.54,AZN,Mobile,Completed,False,TXN_370,RUN_2026_09_20_01,POSTGRES_OLTP,2026-09-20 22:46:16
371,1037,20260915,2494.71,AZN,Mobile,Completed,False,TXN_371,RUN_2026_09_20_01,POSTGRES_OLTP,2026-09-20 22:46:16
372,1094,20260918,1303.4,EUR,Mobile,Completed,False,TXN_372,RUN_2026_09_20_01,POSTGRES_OLTP,2026-09-20 22:46:16
373,1054,20260908,2104.91,AZN,Web,Completed,False,TXN_373,RUN_2026_09_20_01,POSTGRES_OLTP,2026-09-20 22:46:16
374,1043,20260926,2154.99,AZN,ATM,Completed,False,TXN_374,RUN_2026_09_20_01,POSTGRES_OLTP,2026-09-20 22:46:16
375,1030,20260901,972.48,EUR,Mobile,Completed,False,TXN_375,RUN_2026_09_20_01,POSTGRES_OLTP,2026-09-20 22:46:16
376,1082,20260924,214.83,USD,Web,Completed,False,TXN_376,RUN_2026_09_20_01,POSTGRES_OLTP,2026-09-20 22:46:16
377,1054,20260901,45.35,AZN,POS,Completed,False,TXN_377,RUN_2026_09_20_01,POSTGRES_OLTP,2026-09-20 22:46:16
378,1044,20260906,2161.95,AZN,POS,Completed,False,TXN_378,RUN_2026_09_20_01,POSTGRES_OLTP,2026-09-20 22:46:16
379,1074,20260929,1535.2,USD,ATM,Completed,True,TXN_379,RUN_2026_09_20_01,POSTGRES_OLTP,2026-09-20 22:46:16
380,1022,20260918,396.67,USD,Mobile,Completed,False,TXN_380,RUN_2026_09_20_01,POSTGRES_OLTP,2026-09-20 22:46:16
381,1049,20260928,419.31,EUR,Mobile,Completed,False,TXN_381,RUN_2026_09_20_01,POSTGRES_OLTP,2026-09-20 22:46:16
382,1051,20260910,1741.69,EUR,POS,Completed,False,TXN_382,RUN_2026_09_20_01,POSTGRES_OLTP,2026-09-20 22:46:16
383,1090,20260928,2328.71,USD,POS,Completed,False,TXN_383,RUN_2026_09_20_01,POSTGRES_OLTP,2026-09-20 22:46:16
384,1006,20260917,2457.2,USD,Mobile,Completed,True,TXN_384,RUN_2026_09_20_01,POSTGRES_OLTP,2026-09-20 22:46:16
385,1034,20260907,2284.19,EUR,Web,Completed,False,TXN_385,RUN_2026_09_20_01,POSTGRES_OLTP,2026-09-20 22:46:16
386,1029,20260925,323.93,EUR,Mobile,Completed,False,TXN_386,RUN_2026_09_20_01,POSTGRES_OLTP,2026-09-20 22:46:16
387,1053,20260901,201.91,AZN,Web,Completed,False,TXN_387,RUN_2026_09_20_01,POSTGRES_OLTP,2026-09-20 22:46:16
388,1089,20260909,2387.99,AZN,Mobile,Completed,False,TXN_388,RUN_2026_09_20_01,POSTGRES_OLTP,2026-09-20 22:46:16
389,1006,20260929,2303.49,USD,ATM,Completed,False,TXN_389,RUN_2026_09_20_01,POSTGRES_OLTP,2026-09-20 22:46:16
390,1087,20260921,1222.67,USD,Web,Completed,False,TXN_390,RUN_2026_09_20_01,POSTGRES_OLTP,2026-09-20 22:46:16
391,1019,20260909,390.69,AZN,Mobile,Completed,False,TXN_391,RUN_2026_09_20_01,POSTGRES_OLTP,2026-09-20 22:46:16
392,1046,20260906,1808.05,AZN,Mobile,Completed,False,TXN_392,RUN_2026_09_20_01,POSTGRES_OLTP,2026-09-20 22:46:16
393,1043,20260916,184.7,EUR,POS,Completed,False,TXN_393,RUN_2026_09_20_01,POSTGRES_OLTP,2026-09-20 22:46:16
394,1060,20260924,1552.02,EUR,Mobile,Completed,False,TXN_394,RUN_2026_09_20_01,POSTGRES_OLTP,2026-09-20 22:46:16
395,1043,20260904,2267.41,USD,Web,Completed,False,TXN_395,RUN_2026_09_20_01,POSTGRES_OLTP,2026-09-20 22:46:16
396,1062,20260906,1385.46,AZN,POS,Completed,False,TXN_396,RUN_2026_09_20_01,POSTGRES_OLTP,2026-09-20 22:46:16
397,1040,20260922,2202.42,USD,POS,Completed,False,TXN_397,RUN_2026_09_20_01,POSTGRES_OLTP,2026-09-20 22:46:16
398,1084,20260908,1851.89,USD,ATM,Completed,False,TXN_398,RUN_2026_09_20_01,POSTGRES_OLTP,2026-09-20 22:46:16
399,1067,20260909,73.46,AZN,POS,Completed,False,TXN_399,RUN_2026_09_20_01,POSTGRES_OLTP,2026-09-20 22:46:16
400,1058,20260925,2089.24,USD,POS,Completed,False,TXN_400,RUN_2026_09_20_01,POSTGRES_OLTP,2026-09-20 22:46:16
401,1032,20260902,2476.04,EUR,Web,Completed,False,TXN_401,RUN_2026_09_20_01,POSTGRES_OLTP,2026-09-20 22:46:16
402,1015,20260922,2088.14,EUR,ATM,Completed,False,TXN_402,RUN_2026_09_20_01,POSTGRES_OLTP,2026-09-20 22:46:16
403,1058,20260904,804.42,AZN,Web,Completed,False,TXN_403,RUN_2026_09_20_01,POSTGRES_OLTP,2026-09-20 22:46:16
404,1013,20260915,1592.26,USD,ATM,Completed,False,TXN_404,RUN_2026_09_20_01,POSTGRES_OLTP,2026-09-20 22:46:16
405,1068,20260920,1846.84,AZN,Web,Completed,False,TXN_405,RUN_2026_09_20_01,POSTGRES_OLTP,2026-09-20 22:46:16
406,1012,20260910,763.57,EUR,Mobile,Completed,False,TXN_406,RUN_2026_09_20_01,POSTGRES_OLTP,2026-09-20 22:46:16
407,1094,20260923,1982.56,EUR,POS,Completed,False,TXN_407,RUN_2026_09_20_01,POSTGRES_OLTP,2026-09-20 22:46:16
408,1092,20260922,249.43,EUR,Web,Completed,False,TXN_408,RUN_2026_09_20_01,POSTGRES_OLTP,2026-09-20 22:46:16
409,1039,20260918,1956.8,USD,Web,Completed,False,TXN_409,RUN_2026_09_20_01,POSTGRES_OLTP,2026-09-20 22:46:16
410,1030,20260925,1763.51,USD,POS,Completed,False,TXN_410,RUN_2026_09_20_01,POSTGRES_OLTP,2026-09-20 22:46:16
411,1040,20260909,299.03,USD,Web,Completed,False,TXN_411,RUN_2026_09_20_01,POSTGRES_OLTP,2026-09-20 22:46:16
412,1040,20260906,1711.04,USD,ATM,Completed,False,TXN_412,RUN_2026_09_20_01,POSTGRES_OLTP,2026-09-20 22:46:16
413,1042,20260923,473.86,USD,Web,Completed,False,TXN_413,RUN_2026_09_20_01,POSTGRES_OLTP,2026-09-20 22:46:16
414,1100,20260930,1235.31,EUR,Web,Completed,False,TXN_414,RUN_2026_09_20_01,POSTGRES_OLTP,2026-09-20 22:46:16
415,1091,20260915,1817.85,EUR,POS,Completed,False,TXN_415,RUN_2026_09_20_01,POSTGRES_OLTP,2026-09-20 22:46:16
416,1019,20260927,1896.97,EUR,Web,Completed,False,TXN_416,RUN_2026_09_20_01,POSTGRES_OLTP,2026-09-20 22:46:16
417,1064,20260903,1501.46,AZN,Web,Completed,False,TXN_417,RUN_2026_09_20_01,POSTGRES_OLTP,2026-09-20 22:46:16
418,1041,20260908,2303.26,AZN,Web,Completed,False,TXN_418,RUN_2026_09_20_01,POSTGRES_OLTP,2026-09-20 22:46:16
419,1002,20260904,2254.4,USD,POS,Completed,False,TXN_419,RUN_2026_09_20_01,POSTGRES_OLTP,2026-09-20 22:46:16
420,1094,20260925,1888.27,USD,POS,Completed,False,TXN_420,RUN_2026_09_20_01,POSTGRES_OLTP,2026-09-20 22:46:16
421,1058,20260906,2039.15,USD,Web,Completed,False,TXN_421,RUN_2026_09_20_01,POSTGRES_OLTP,2026-09-20 22:46:16
422,1009,20260916,2498.82,USD,POS,Completed,False,TXN_422,RUN_2026_09_20_01,POSTGRES_OLTP,2026-09-20 22:46:16
423,1033,20260901,2391.05,EUR,ATM,Completed,False,TXN_423,RUN_2026_09_20_01,POSTGRES_OLTP,2026-09-20 22:46:16
424,1018,20260917,1818.01,AZN,POS,Completed,False,TXN_424,RUN_2026_09_20_01,POSTGRES_OLTP,2026-09-20 22:46:16
425,1063,20260901,488.71,AZN,POS,Completed,False,TXN_425,RUN_2026_09_20_01,POSTGRES_OLTP,2026-09-20 22:46:16
426,1015,20260913,934.47,USD,ATM,Completed,False,TXN_426,RUN_2026_09_20_01,POSTGRES_OLTP,2026-09-20 22:46:16
427,1040,20260929,167.8,USD,POS,Completed,False,TXN_427,RUN_2026_09_20_01,POSTGRES_OLTP,2026-09-20 22:46:16
428,1056,20260928,1114.58,AZN,ATM,Completed,False,TXN_428,RUN_2026_09_20_01,POSTGRES_OLTP,2026-09-20 22:46:16
429,1028,20260903,1580.33,EUR,Mobile,Completed,True,TXN_429,RUN_2026_09_20_01,POSTGRES_OLTP,2026-09-20 22:46:16
430,1059,20260911,1048.67,AZN,Web,Completed,False,TXN_430,RUN_2026_09_20_01,POSTGRES_OLTP,2026-09-20 22:46:16
431,1098,20260907,204.76,EUR,ATM,Completed,False,TXN_431,RUN_2026_09_20_01,POSTGRES_OLTP,2026-09-20 22:46:16
432,1016,20260905,2057.3,USD,Mobile,Completed,False,TXN_432,RUN_2026_09_20_01,POSTGRES_OLTP,2026-09-20 22:46:16
433,1023,20260927,1987.91,USD,Web,Completed,False,TXN_433,RUN_2026_09_20_01,POSTGRES_OLTP,2026-09-20 22:46:16
434,1096,20260930,1418.18,EUR,POS,Completed,False,TXN_434,RUN_2026_09_20_01,POSTGRES_OLTP,2026-09-20 22:46:16
435,1071,20260918,1395.25,AZN,Mobile,Completed,False,TXN_435,RUN_2026_09_20_01,POSTGRES_OLTP,2026-09-20 22:46:16
436,1062,20260901,1977.76,AZN,Mobile,Completed,False,TXN_436,RUN_2026_09_20_01,POSTGRES_OLTP,2026-09-20 22:46:16
437,1075,20260926,1045.3,AZN,Mobile,Completed,False,TXN_437,RUN_2026_09_20_01,POSTGRES_OLTP,2026-09-20 22:46:16
438,1072,20260912,735.14,AZN,Mobile,Completed,False,TXN_438,RUN_2026_09_20_01,POSTGRES_OLTP,2026-09-20 22:46:16
439,1084,20260911,415.5,AZN,Mobile,Completed,False,TXN_439,RUN_2026_09_20_01,POSTGRES_OLTP,2026-09-20 22:46:16
440,1066,20260926,1619.25,USD,Mobile,Completed,False,TXN_440,RUN_2026_09_20_01,POSTGRES_OLTP,2026-09-20 22:46:16
441,1026,20260910,386.69,AZN,ATM,Completed,False,TXN_441,RUN_2026_09_20_01,POSTGRES_OLTP,2026-09-20 22:46:16
442,1017,20260923,1283.2,USD,ATM,Completed,False,TXN_442,RUN_2026_09_20_01,POSTGRES_OLTP,2026-09-20 22:46:16
443,1043,20260917,264.52,AZN,ATM,Completed,False,TXN_443,RUN_2026_09_20_01,POSTGRES_OLTP,2026-09-20 22:46:16
444,1081,20260920,306.03,EUR,Web,Completed,False,TXN_444,RUN_2026_09_20_01,POSTGRES_OLTP,2026-09-20 22:46:16
445,1061,20260915,1709.97,AZN,Web,Completed,False,TXN_445,RUN_2026_09_20_01,POSTGRES_OLTP,2026-09-20 22:46:16
446,1050,20260916,1137.79,EUR,Mobile,Completed,False,TXN_446,RUN_2026_09_20_01,POSTGRES_OLTP,2026-09-20 22:46:16
447,1083,20260927,1895.11,USD,Mobile,Completed,False,TXN_447,RUN_2026_09_20_01,POSTGRES_OLTP,2026-09-20 22:46:16
448,1091,20260921,2314.37,AZN,Mobile,Completed,False,TXN_448,RUN_2026_09_20_01,POSTGRES_OLTP,2026-09-20 22:46:16
449,1061,20260909,1067.54,EUR,Mobile,Completed,False,TXN_449,RUN_2026_09_20_01,POSTGRES_OLTP,2026-09-20 22:46:16
450,1074,20260929,592.87,AZN,POS,Completed,False,TXN_450,RUN_2026_09_20_01,POSTGRES_OLTP,2026-09-20 22:46:16
451,1080,20260903,529.59,USD,Mobile,Completed,False,TXN_451,RUN_2026_09_20_01,POSTGRES_OLTP,2026-09-20 22:46:16
452,1042,20260912,112.91,EUR,Web,Completed,False,TXN_452,RUN_2026_09_20_01,POSTGRES_OLTP,2026-09-20 22:46:16
453,1092,20260908,2075.81,USD,Mobile,Completed,False,TXN_453,RUN_2026_09_20_01,POSTGRES_OLTP,2026-09-20 22:46:16
454,1050,20260901,1903.66,USD,POS,Completed,False,TXN_454,RUN_2026_09_20_01,POSTGRES_OLTP,2026-09-20 22:46:16
455,1071,20260906,2147.94,AZN,ATM,Completed,False,TXN_455,RUN_2026_09_20_01,POSTGRES_OLTP,2026-09-20 22:46:16
456,1009,20260925,1332.78,USD,Mobile,Completed,False,TXN_456,RUN_2026_09_20_01,POSTGRES_OLTP,2026-09-20 22:46:16
457,1013,20260921,793.2,AZN,Mobile,Completed,False,TXN_457,RUN_2026_09_20_01,POSTGRES_OLTP,2026-09-20 22:46:16
458,1064,20260901,1689.8,EUR,POS,Completed,False,TXN_458,RUN_2026_09_20_01,POSTGRES_OLTP,2026-09-20 22:46:16
459,1021,20260921,802.6,USD,Mobile,Completed,False,TXN_459,RUN_2026_09_20_01,POSTGRES_OLTP,2026-09-20 22:46:16
460,1025,20260913,592.57,EUR,ATM,Completed,False,TXN_460,RUN_2026_09_20_01,POSTGRES_OLTP,2026-09-20 22:46:16
461,1069,20260902,612.67,EUR,POS,Completed,False,TXN_461,RUN_2026_09_20_01,POSTGRES_OLTP,2026-09-20 22:46:16
462,1022,20260923,365.65,EUR,POS,Completed,False,TXN_462,RUN_2026_09_20_01,POSTGRES_OLTP,2026-09-20 22:46:16
463,1047,20260908,2294.35,AZN,Web,Completed,False,TXN_463,RUN_2026_09_20_01,POSTGRES_OLTP,2026-09-20 22:46:16
464,1057,20260928,794.34,AZN,ATM,Completed,False,TXN_464,RUN_2026_09_20_01,POSTGRES_OLTP,2026-09-20 22:46:16
465,1032,20260924,203.49,USD,ATM,Completed,False,TXN_465,RUN_2026_09_20_01,POSTGRES_OLTP,2026-09-20 22:46:16
466,1050,20260926,1169.98,AZN,ATM,Completed,False,TXN_466,RUN_2026_09_20_01,POSTGRES_OLTP,2026-09-20 22:46:16
467,1048,20260907,2396.27,AZN,Mobile,Completed,False,TXN_467,RUN_2026_09_20_01,POSTGRES_OLTP,2026-09-20 22:46:16
468,1062,20260930,1191.27,EUR,Mobile,Completed,False,TXN_468,RUN_2026_09_20_01,POSTGRES_OLTP,2026-09-20 22:46:16
469,1076,20260901,2260.53,USD,ATM,Completed,False,TXN_469,RUN_2026_09_20_01,POSTGRES_OLTP,2026-09-20 22:46:16
470,1050,20260911,2408.5,EUR,POS,Completed,False,TXN_470,RUN_2026_09_20_01,POSTGRES_OLTP,2026-09-20 22:46:16
471,1095,20260904,1765.16,AZN,ATM,Completed,False,TXN_471,RUN_2026_09_20_01,POSTGRES_OLTP,2026-09-20 22:46:16
472,1083,20260903,1526.02,EUR,POS,Completed,False,TXN_472,RUN_2026_09_20_01,POSTGRES_OLTP,2026-09-20 22:46:16
473,1093,20260907,1500.37,AZN,ATM,Completed,False,TXN_473,RUN_2026_09_20_01,POSTGRES_OLTP,2026-09-20 22:46:16
474,1055,20260901,1571.7,AZN,Web,Completed,False,TXN_474,RUN_2026_09_20_01,POSTGRES_OLTP,2026-09-20 22:46:16
475,1050,20260928,610.6,USD,Mobile,Completed,False,TXN_475,RUN_2026_09_20_01,POSTGRES_OLTP,2026-09-20 22:46:16
476,1020,20260926,470.1,USD,Web,Completed,False,TXN_476,RUN_2026_09_20_01,POSTGRES_OLTP,2026-09-20 22:46:16
477,1096,20260908,1757.79,USD,Web,Completed,False,TXN_477,RUN_2026_09_20_01,POSTGRES_OLTP,2026-09-20 22:46:16
478,1085,20260925,699.56,USD,Mobile,Completed,False,TXN_478,RUN_2026_09_20_01,POSTGRES_OLTP,2026-09-20 22:46:16
479,1075,20260930,2388.57,EUR,Web,Completed,False,TXN_479,RUN_2026_09_20_01,POSTGRES_OLTP,2026-09-20 22:46:16
480,1100,20260929,2425.05,USD,ATM,Completed,False,TXN_480,RUN_2026_09_20_01,POSTGRES_OLTP,2026-09-20 22:46:16
481,1012,20260920,57.09,AZN,Mobile,Completed,False,TXN_481,RUN_2026_09_20_01,POSTGRES_OLTP,2026-09-20 22:46:16
482,1046,20260911,1026.5,USD,ATM,Completed,False,TXN_482,RUN_2026_09_20_01,POSTGRES_OLTP,2026-09-20 22:46:16
483,1086,20260909,1445.77,AZN,ATM,Completed,False,TXN_483,RUN_2026_09_20_01,POSTGRES_OLTP,2026-09-20 22:46:16
484,1036,20260910,949.72,USD,Mobile,Completed,False,TXN_484,RUN_2026_09_20_01,POSTGRES_OLTP,2026-09-20 22:46:16
485,1017,20260917,1560.2,AZN,Mobile,Completed,False,TXN_485,RUN_2026_09_20_01,POSTGRES_OLTP,2026-09-20 22:46:16
486,1029,20260923,1967.02,USD,POS,Completed,False,TXN_486,RUN_2026_09_20_01,POSTGRES_OLTP,2026-09-20 22:46:16
487,1042,20260911,1643.13,AZN,Web,Completed,False,TXN_487,RUN_2026_09_20_01,POSTGRES_OLTP,2026-09-20 22:46:16
488,1015,20260913,1523.35,USD,Web,Completed,False,TXN_488,RUN_2026_09_20_01,POSTGRES_OLTP,2026-09-20 22:46:16
489,1087,20260926,205.33,AZN,Web,Completed,False,TXN_489,RUN_2026_09_20_01,POSTGRES_OLTP,2026-09-20 22:46:16
490,1090,20260921,961.26,EUR,ATM,Completed,False,TXN_490,RUN_2026_09_20_01,POSTGRES_OLTP,2026-09-20 22:46:16
491,1055,20260906,1889.77,AZN,POS,Completed,False,TXN_491,RUN_2026_09_20_01,POSTGRES_OLTP,2026-09-20 22:46:16
492,1043,20260930,572.78,USD,Web,Completed,False,TXN_492,RUN_2026_09_20_01,POSTGRES_OLTP,2026-09-20 22:46:16
493,1002,20260904,2369.22,EUR,POS,Completed,False,TXN_493,RUN_2026_09_20_01,POSTGRES_OLTP,2026-09-20 22:46:16
494,1080,20260924,1745.36,AZN,Mobile,Completed,False,TXN_494,RUN_2026_09_20_01,POSTGRES_OLTP,2026-09-20 22:46:16
495,1086,20260921,2377.91,USD,POS,Completed,True,TXN_495,RUN_2026_09_20_01,POSTGRES_OLTP,2026-09-20 22:46:16
496,1073,20260928,2074.1,EUR,POS,Completed,False,TXN_496,RUN_2026_09_20_01,POSTGRES_OLTP,2026-09-20 22:46:16
497,1016,20260927,761.15,USD,Mobile,Completed,False,TXN_497,RUN_2026_09_20_01,POSTGRES_OLTP,2026-09-20 22:46:16
498,1087,20260930,1414.97,AZN,Web,Completed,False,TXN_498,RUN_2026_09_20_01,POSTGRES_OLTP,2026-09-20 22:46:16
499,1077,20260901,489.09,USD,Web,Completed,False,TXN_499,RUN_2026_09_20_01,POSTGRES_OLTP,2026-09-20 22:46:16
500,1015,20260929,1497.17,USD,ATM,Completed,False,TXN_500,RUN_2026_09_20_01,POSTGRES_OLTP,2026-09-20 22:46:16
501,1045,20260923,86.45,EUR,ATM,Completed,False,TXN_501,RUN_2026_09_20_01,POSTGRES_OLTP,2026-09-20 22:46:16
502,1057,20260913,2213.93,AZN,Web,Completed,True,TXN_502,RUN_2026_09_20_01,POSTGRES_OLTP,2026-09-20 22:46:16
503,1075,20260929,1765.19,EUR,POS,Completed,False,TXN_503,RUN_2026_09_20_01,POSTGRES_OLTP,2026-09-20 22:46:16
504,1076,20260925,2156.94,EUR,ATM,Completed,False,TXN_504,RUN_2026_09_20_01,POSTGRES_OLTP,2026-09-20 22:46:16
505,1074,20260910,2345.92,AZN,Web,Completed,False,TXN_505,RUN_2026_09_20_01,POSTGRES_OLTP,2026-09-20 22:46:16
506,1038,20260904,779.58,AZN,POS,Completed,False,TXN_506,RUN_2026_09_20_01,POSTGRES_OLTP,2026-09-20 22:46:16
507,1095,20260915,1221.08,EUR,ATM,Completed,False,TXN_507,RUN_2026_09_20_01,POSTGRES_OLTP,2026-09-20 22:46:16
508,1065,20260910,1644.19,AZN,POS,Completed,False,TXN_508,RUN_2026_09_20_01,POSTGRES_OLTP,2026-09-20 22:46:16
509,1091,20260918,1857.7,EUR,Mobile,Completed,False,TXN_509,RUN_2026_09_20_01,POSTGRES_OLTP,2026-09-20 22:46:16
510,1020,20260910,1421.28,EUR,Web,Completed,False,TXN_510,RUN_2026_09_20_01,POSTGRES_OLTP,2026-09-20 22:46:16
511,1003,20260919,1603.79,EUR,Mobile,Completed,False,TXN_511,RUN_2026_09_20_01,POSTGRES_OLTP,2026-09-20 22:46:16
512,1077,20260914,1796.82,USD,Web,Completed,False,TXN_512,RUN_2026_09_20_01,POSTGRES_OLTP,2026-09-20 22:46:16
513,1081,20260904,2218.0,EUR,Web,Completed,False,TXN_513,RUN_2026_09_20_01,POSTGRES_OLTP,2026-09-20 22:46:16
514,1014,20260922,468.09,EUR,Web,Completed,False,TXN_514,RUN_2026_09_20_01,POSTGRES_OLTP,2026-09-20 22:46:16
515,1012,20260926,224.83,USD,ATM,Completed,False,TXN_515,RUN_2026_09_20_01,POSTGRES_OLTP,2026-09-20 22:46:16
516,1032,20260924,2222.13,USD,POS,Completed,False,TXN_516,RUN_2026_09_20_01,POSTGRES_OLTP,2026-09-20 22:46:16
517,1008,20260909,2262.22,USD,ATM,Completed,False,TXN_517,RUN_2026_09_20_01,POSTGRES_OLTP,2026-09-20 22:46:16
518,1064,20260914,870.85,EUR,ATM,Completed,True,TXN_518,RUN_2026_09_20_01,POSTGRES_OLTP,2026-09-20 22:46:16
519,1029,20260918,22.3,USD,POS,Completed,False,TXN_519,RUN_2026_09_20_01,POSTGRES_OLTP,2026-09-20 22:46:16
520,1049,20260911,2228.44,USD,Mobile,Completed,False,TXN_520,RUN_2026_09_20_01,POSTGRES_OLTP,2026-09-20 22:46:16
521,1048,20260914,301.53,AZN,ATM,Completed,False,TXN_521,RUN_2026_09_20_01,POSTGRES_OLTP,2026-09-20 22:46:16
522,1021,20260907,2284.61,USD,Web,Completed,False,TXN_522,RUN_2026_09_20_01,POSTGRES_OLTP,2026-09-20 22:46:16
523,1047,20260911,606.42,USD,Mobile,Completed,False,TXN_523,RUN_2026_09_20_01,POSTGRES_OLTP,2026-09-20 22:46:16
524,1086,20260909,1362.52,EUR,ATM,Completed,False,TXN_524,RUN_2026_09_20_01,POSTGRES_OLTP,2026-09-20 22:46:16
525,1015,20260926,2109.79,USD,Mobile,Completed,False,TXN_525,RUN_2026_09_20_01,POSTGRES_OLTP,2026-09-20 22:46:16
526,1057,20260919,1914.49,AZN,ATM,Completed,False,TXN_526,RUN_2026_09_20_01,POSTGRES_OLTP,2026-09-20 22:46:16
527,1021,20260904,598.27,EUR,Mobile,Completed,False,TXN_527,RUN_2026_09_20_01,POSTGRES_OLTP,2026-09-20 22:46:16
528,1017,20260917,1632.72,EUR,ATM,Completed,False,TXN_528,RUN_2026_09_20_01,POSTGRES_OLTP,2026-09-20 22:46:16
529,1057,20260920,1753.63,USD,Web,Completed,False,TXN_529,RUN_2026_09_20_01,POSTGRES_OLTP,2026-09-20 22:46:16
530,1046,20260906,17.59,EUR,POS,Completed,False,TXN_530,RUN_2026_09_20_01,POSTGRES_OLTP,2026-09-20 22:46:16
531,1051,20260928,1060.49,AZN,POS,Completed,False,TXN_531,RUN_2026_09_20_01,POSTGRES_OLTP,2026-09-20 22:46:16
532,1031,20260911,317.78,EUR,POS,Completed,False,TXN_532,RUN_2026_09_20_01,POSTGRES_OLTP,2026-09-20 22:46:16
533,1031,20260930,1853.24,EUR,ATM,Completed,False,TXN_533,RUN_2026_09_20_01,POSTGRES_OLTP,2026-09-20 22:46:16
534,1017,20260902,1371.87,AZN,POS,Completed,False,TXN_534,RUN_2026_09_20_01,POSTGRES_OLTP,2026-09-20 22:46:16
535,1049,20260929,2474.28,USD,Web,Completed,False,TXN_535,RUN_2026_09_20_01,POSTGRES_OLTP,2026-09-20 22:46:16
536,1006,20260922,915.85,EUR,Mobile,Completed,False,TXN_536,RUN_2026_09_20_01,POSTGRES_OLTP,2026-09-20 22:46:16
537,1082,20260911,705.03,USD,POS,Completed,False,TXN_537,RUN_2026_09_20_01,POSTGRES_OLTP,2026-09-20 22:46:16
538,1073,20260909,560.23,USD,ATM,Completed,False,TXN_538,RUN_2026_09_20_01,POSTGRES_OLTP,2026-09-20 22:46:16
539,1018,20260911,2229.64,USD,POS,Completed,False,TXN_539,RUN_2026_09_20_01,POSTGRES_OLTP,2026-09-20 22:46:16
540,1035,20260913,301.77,USD,ATM,Completed,False,TXN_540,RUN_2026_09_20_01,POSTGRES_OLTP,2026-09-20 22:46:16
541,1090,20260923,300.33,AZN,Mobile,Completed,False,TXN_541,RUN_2026_09_20_01,POSTGRES_OLTP,2026-09-20 22:46:16
542,1026,20260912,2006.61,USD,Mobile,Completed,False,TXN_542,RUN_2026_09_20_01,POSTGRES_OLTP,2026-09-20 22:46:16
543,1085,20260917,1434.25,AZN,POS,Completed,False,TXN_543,RUN_2026_09_20_01,POSTGRES_OLTP,2026-09-20 22:46:16
544,1099,20260905,1238.34,EUR,Web,Completed,True,TXN_544,RUN_2026_09_20_01,POSTGRES_OLTP,2026-09-20 22:46:16
545,1057,20260914,522.79,USD,Web,Completed,True,TXN_545,RUN_2026_09_20_01,POSTGRES_OLTP,2026-09-20 22:46:16
546,1026,20260919,1789.64,AZN,Mobile,Completed,False,TXN_546,RUN_2026_09_20_01,POSTGRES_OLTP,2026-09-20 22:46:16
547,1034,20260930,1659.69,AZN,POS,Completed,False,TXN_547,RUN_2026_09_20_01,POSTGRES_OLTP,2026-09-20 22:46:16
548,1044,20260907,2381.6,USD,Mobile,Completed,False,TXN_548,RUN_2026_09_20_01,POSTGRES_OLTP,2026-09-20 22:46:16
549,1058,20260904,1471.69,USD,ATM,Completed,False,TXN_549,RUN_2026_09_20_01,POSTGRES_OLTP,2026-09-20 22:46:16
550,1049,20260930,217.78,USD,Web,Completed,False,TXN_550,RUN_2026_09_20_01,POSTGRES_OLTP,2026-09-20 22:46:16
551,1082,20260921,1700.34,USD,POS,Completed,False,TXN_551,RUN_2026_09_20_01,POSTGRES_OLTP,2026-09-20 22:46:16
552,1071,20260915,1012.31,EUR,Web,Completed,False,TXN_552,RUN_2026_09_20_01,POSTGRES_OLTP,2026-09-20 22:46:16
553,1028,20260910,2442.22,EUR,POS,Completed,False,TXN_553,RUN_2026_09_20_01,POSTGRES_OLTP,2026-09-20 22:46:16
554,1029,20260919,2111.5,USD,ATM,Completed,False,TXN_554,RUN_2026_09_20_01,POSTGRES_OLTP,2026-09-20 22:46:16
555,1067,20260930,2032.23,EUR,POS,Completed,False,TXN_555,RUN_2026_09_20_01,POSTGRES_OLTP,2026-09-20 22:46:16
556,1001,20260919,2081.98,EUR,Web,Completed,False,TXN_556,RUN_2026_09_20_01,POSTGRES_OLTP,2026-09-20 22:46:16
557,1009,20260925,128.42,EUR,Mobile,Completed,False,TXN_557,RUN_2026_09_20_01,POSTGRES_OLTP,2026-09-20 22:46:16
558,1024,20260911,23.19,EUR,Web,Completed,False,TXN_558,RUN_2026_09_20_01,POSTGRES_OLTP,2026-09-20 22:46:16
559,1028,20260909,2402.81,EUR,POS,Completed,False,TXN_559,RUN_2026_09_20_01,POSTGRES_OLTP,2026-09-20 22:46:16
560,1030,20260926,1602.98,AZN,Web,Completed,False,TXN_560,RUN_2026_09_20_01,POSTGRES_OLTP,2026-09-20 22:46:16
561,1028,20260906,1417.79,USD,Mobile,Completed,False,TXN_561,RUN_2026_09_20_01,POSTGRES_OLTP,2026-09-20 22:46:16
562,1010,20260928,1050.75,AZN,ATM,Completed,False,TXN_562,RUN_2026_09_20_01,POSTGRES_OLTP,2026-09-20 22:46:16
563,1037,20260914,178.79,AZN,ATM,Completed,False,TXN_563,RUN_2026_09_20_01,POSTGRES_OLTP,2026-09-20 22:46:16
564,1068,20260906,1326.2,EUR,ATM,Completed,False,TXN_564,RUN_2026_09_20_01,POSTGRES_OLTP,2026-09-20 22:46:16
565,1027,20260902,238.97,USD,POS,Completed,False,TXN_565,RUN_2026_09_20_01,POSTGRES_OLTP,2026-09-20 22:46:16
566,1054,20260909,2094.78,AZN,Mobile,Completed,False,TXN_566,RUN_2026_09_20_01,POSTGRES_OLTP,2026-09-20 22:46:16
567,1034,20260901,741.53,EUR,ATM,Completed,False,TXN_567,RUN_2026_09_20_01,POSTGRES_OLTP,2026-09-20 22:46:16
568,1011,20260906,2344.74,AZN,Web,Completed,False,TXN_568,RUN_2026_09_20_01,POSTGRES_OLTP,2026-09-20 22:46:16
569,1048,20260924,1322.58,EUR,POS,Completed,False,TXN_569,RUN_2026_09_20_01,POSTGRES_OLTP,2026-09-20 22:46:16
570,1080,20260930,1367.22,AZN,Web,Completed,False,TXN_570,RUN_2026_09_20_01,POSTGRES_OLTP,2026-09-20 22:46:16
571,1095,20260923,1960.17,AZN,Mobile,Completed,False,TXN_571,RUN_2026_09_20_01,POSTGRES_OLTP,2026-09-20 22:46:16
572,1042,20260922,1822.01,USD,Mobile,Completed,False,TXN_572,RUN_2026_09_20_01,POSTGRES_OLTP,2026-09-20 22:46:16
573,1090,20260920,2376.56,AZN,Mobile,Completed,False,TXN_573,RUN_2026_09_20_01,POSTGRES_OLTP,2026-09-20 22:46:16
574,1075,20260926,781.73,EUR,ATM,Completed,False,TXN_574,RUN_2026_09_20_01,POSTGRES_OLTP,2026-09-20 22:46:16
575,1027,20260924,1193.3,USD,Mobile,Completed,False,TXN_575,RUN_2026_09_20_01,POSTGRES_OLTP,2026-09-20 22:46:16
576,1071,20260903,1388.93,AZN,ATM,Completed,False,TXN_576,RUN_2026_09_20_01,POSTGRES_OLTP,2026-09-20 22:46:16
577,1027,20260921,1973.76,USD,Web,Completed,False,TXN_577,RUN_2026_09_20_01,POSTGRES_OLTP,2026-09-20 22:46:16
578,1007,20260901,959.31,USD,ATM,Completed,False,TXN_578,RUN_2026_09_20_01,POSTGRES_OLTP,2026-09-20 22:46:16
579,1083,20260920,2313.99,USD,Mobile,Completed,False,TXN_579,RUN_2026_09_20_01,POSTGRES_OLTP,2026-09-20 22:46:16
580,1086,20260908,2040.13,AZN,ATM,Completed,False,TXN_580,RUN_2026_09_20_01,POSTGRES_OLTP,2026-09-20 22:46:16
581,1041,20260914,458.09,AZN,ATM,Completed,False,TXN_581,RUN_2026_09_20_01,POSTGRES_OLTP,2026-09-20 22:46:16
582,1093,20260918,235.36,USD,POS,Completed,False,TXN_582,RUN_2026_09_20_01,POSTGRES_OLTP,2026-09-20 22:46:16
583,1068,20260930,2425.6,EUR,POS,Completed,False,TXN_583,RUN_2026_09_20_01,POSTGRES_OLTP,2026-09-20 22:46:16
584,1017,20260918,1960.21,AZN,Web,Completed,False,TXN_584,RUN_2026_09_20_01,POSTGRES_OLTP,2026-09-20 22:46:16
585,1086,20260903,1220.72,USD,Web,Completed,False,TXN_585,RUN_2026_09_20_01,POSTGRES_OLTP,2026-09-20 22:46:16
586,1010,20260930,1113.91,USD,ATM,Completed,False,TXN_586,RUN_2026_09_20_01,POSTGRES_OLTP,2026-09-20 22:46:16
587,1100,20260907,373.33,USD,POS,Completed,False,TXN_587,RUN_2026_09_20_01,POSTGRES_OLTP,2026-09-20 22:46:16
588,1007,20260924,782.43,EUR,Mobile,Completed,False,TXN_588,RUN_2026_09_20_01,POSTGRES_OLTP,2026-09-20 22:46:16
589,1057,20260901,1866.44,EUR,POS,Completed,False,TXN_589,RUN_2026_09_20_01,POSTGRES_OLTP,2026-09-20 22:46:16
590,1074,20260929,491.46,AZN,Mobile,Completed,False,TXN_590,RUN_2026_09_20_01,POSTGRES_OLTP,2026-09-20 22:46:16
591,1090,20260927,621.75,AZN,Web,Completed,True,TXN_591,RUN_2026_09_20_01,POSTGRES_OLTP,2026-09-20 22:46:16
592,1047,20260905,2449.89,EUR,Mobile,Completed,False,TXN_592,RUN_2026_09_20_01,POSTGRES_OLTP,2026-09-20 22:46:16
593,1030,20260909,1875.59,AZN,ATM,Completed,False,TXN_593,RUN_2026_09_20_01,POSTGRES_OLTP,2026-09-20 22:46:16
594,1050,20260901,558.54,AZN,ATM,Completed,False,TXN_594,RUN_2026_09_20_01,POSTGRES_OLTP,2026-09-20 22:46:16
595,1019,20260924,590.16,AZN,POS,Completed,False,TXN_595,RUN_2026_09_20_01,POSTGRES_OLTP,2026-09-20 22:46:16
596,1037,20260924,2064.68,AZN,ATM,Completed,False,TXN_596,RUN_2026_09_20_01,POSTGRES_OLTP,2026-09-20 22:46:16
597,1019,20260912,1160.29,EUR,POS,Completed,False,TXN_597,RUN_2026_09_20_01,POSTGRES_OLTP,2026-09-20 22:46:16
598,1080,20260909,1450.57,USD,POS,Completed,False,TXN_598,RUN_2026_09_20_01,POSTGRES_OLTP,2026-09-20 22:46:16
599,1006,20260903,1898.22,AZN,Mobile,Completed,False,TXN_599,RUN_2026_09_20_01,POSTGRES_OLTP,2026-09-20 22:46:16
600,1011,20260914,800.37,EUR,Mobile,Completed,False,TXN_600,RUN_2026_09_20_01,POSTGRES_OLTP,2026-09-20 22:46:16
601,1061,20260911,1360.89,USD,ATM,Completed,False,TXN_601,RUN_2026_09_20_01,POSTGRES_OLTP,2026-09-20 22:46:16
602,1039,20260910,668.65,USD,Mobile,Completed,False,TXN_602,RUN_2026_09_20_01,POSTGRES_OLTP,2026-09-20 22:46:16
603,1050,20260913,2322.16,USD,ATM,Completed,False,TXN_603,RUN_2026_09_20_01,POSTGRES_OLTP,2026-09-20 22:46:16
604,1091,20260921,2338.59,EUR,Mobile,Completed,False,TXN_604,RUN_2026_09_20_01,POSTGRES_OLTP,2026-09-20 22:46:16
605,1077,20260914,590.01,USD,POS,Completed,False,TXN_605,RUN_2026_09_20_01,POSTGRES_OLTP,2026-09-20 22:46:16
606,1076,20260914,1307.57,AZN,ATM,Completed,False,TXN_606,RUN_2026_09_20_01,POSTGRES_OLTP,2026-09-20 22:46:16
607,1064,20260929,891.37,EUR,ATM,Completed,False,TXN_607,RUN_2026_09_20_01,POSTGRES_OLTP,2026-09-20 22:46:16
608,1053,20260916,47.36,AZN,Web,Completed,False,TXN_608,RUN_2026_09_20_01,POSTGRES_OLTP,2026-09-20 22:46:16
609,1066,20260929,220.08,AZN,Web,Completed,False,TXN_609,RUN_2026_09_20_01,POSTGRES_OLTP,2026-09-20 22:46:16
610,1030,20260910,718.21,AZN,Mobile,Completed,False,TXN_610,RUN_2026_09_20_01,POSTGRES_OLTP,2026-09-20 22:46:16
611,1004,20260918,703.22,EUR,Mobile,Completed,False,TXN_611,RUN_2026_09_20_01,POSTGRES_OLTP,2026-09-20 22:46:16
612,1008,20260909,13.21,EUR,ATM,Completed,False,TXN_612,RUN_2026_09_20_01,POSTGRES_OLTP,2026-09-20 22:46:16
613,1056,20260901,2285.39,USD,Mobile,Completed,False,TXN_613,RUN_2026_09_20_01,POSTGRES_OLTP,2026-09-20 22:46:16
614,1060,20260920,173.5,AZN,Web,Completed,False,TXN_614,RUN_2026_09_20_01,POSTGRES_OLTP,2026-09-20 22:46:16
615,1023,20260906,2349.23,USD,Mobile,Completed,False,TXN_615,RUN_2026_09_20_01,POSTGRES_OLTP,2026-09-20 22:46:16
616,1080,20260908,995.05,USD,POS,Completed,False,TXN_616,RUN_2026_09_20_01,POSTGRES_OLTP,2026-09-20 22:46:16
617,1042,20260908,714.78,AZN,ATM,Completed,False,TXN_617,RUN_2026_09_20_01,POSTGRES_OLTP,2026-09-20 22:46:16
618,1038,20260903,511.27,EUR,Mobile,Completed,False,TXN_618,RUN_2026_09_20_01,POSTGRES_OLTP,2026-09-20 22:46:16
619,1091,20260930,1571.24,USD,Mobile,Completed,False,TXN_619,RUN_2026_09_20_01,POSTGRES_OLTP,2026-09-20 22:46:16
620,1020,20260918,1292.31,EUR,Mobile,Completed,False,TXN_620,RUN_2026_09_20_01,POSTGRES_OLTP,2026-09-20 22:46:16
621,1065,20260925,1285.42,AZN,Mobile,Completed,False,TXN_621,RUN_2026_09_20_01,POSTGRES_OLTP,2026-09-20 22:46:16
622,1041,20260930,533.81,USD,ATM,Completed,False,TXN_622,RUN_2026_09_20_01,POSTGRES_OLTP,2026-09-20 22:46:16
623,1021,20260926,1853.03,EUR,Mobile,Completed,False,TXN_623,RUN_2026_09_20_01,POSTGRES_OLTP,2026-09-20 22:46:16
624,1088,20260915,400.29,AZN,Mobile,Completed,True,TXN_624,RUN_2026_09_20_01,POSTGRES_OLTP,2026-09-20 22:46:16
625,1063,20260918,1613.94,EUR,Web,Completed,False,TXN_625,RUN_2026_09_20_01,POSTGRES_OLTP,2026-09-20 22:46:16
626,1009,20260901,2190.36,EUR,Web,Completed,False,TXN_626,RUN_2026_09_20_01,POSTGRES_OLTP,2026-09-20 22:46:16
627,1051,20260922,648.2,USD,POS,Completed,False,TXN_627,RUN_2026_09_20_01,POSTGRES_OLTP,2026-09-20 22:46:16
628,1063,20260917,548.06,AZN,Web,Completed,False,TXN_628,RUN_2026_09_20_01,POSTGRES_OLTP,2026-09-20 22:46:16
629,1047,20260917,983.93,EUR,ATM,Completed,True,TXN_629,RUN_2026_09_20_01,POSTGRES_OLTP,2026-09-20 22:46:16
630,1035,20260902,1132.78,USD,POS,Completed,False,TXN_630,RUN_2026_09_20_01,POSTGRES_OLTP,2026-09-20 22:46:16
631,1009,20260922,983.29,USD,POS,Completed,False,TXN_631,RUN_2026_09_20_01,POSTGRES_OLTP,2026-09-20 22:46:16
632,1032,20260901,835.06,EUR,Mobile,Completed,False,TXN_632,RUN_2026_09_20_01,POSTGRES_OLTP,2026-09-20 22:46:16
633,1077,20260909,896.69,EUR,Mobile,Completed,False,TXN_633,RUN_2026_09_20_01,POSTGRES_OLTP,2026-09-20 22:46:16
634,1019,20260903,594.7,EUR,ATM,Completed,False,TXN_634,RUN_2026_09_20_01,POSTGRES_OLTP,2026-09-20 22:46:16
635,1091,20260911,192.2,EUR,Mobile,Completed,False,TXN_635,RUN_2026_09_20_01,POSTGRES_OLTP,2026-09-20 22:46:16
636,1065,20260928,1680.77,AZN,Web,Completed,False,TXN_636,RUN_2026_09_20_01,POSTGRES_OLTP,2026-09-20 22:46:16
637,1021,20260914,2329.46,AZN,Web,Completed,False,TXN_637,RUN_2026_09_20_01,POSTGRES_OLTP,2026-09-20 22:46:16
638,1030,20260922,2431.45,USD,Mobile,Completed,False,TXN_638,RUN_2026_09_20_01,POSTGRES_OLTP,2026-09-20 22:46:16
639,1044,20260930,2201.76,USD,POS,Completed,True,TXN_639,RUN_2026_09_20_01,POSTGRES_OLTP,2026-09-20 22:46:16
640,1027,20260923,2395.5,AZN,ATM,Completed,False,TXN_640,RUN_2026_09_20_01,POSTGRES_OLTP,2026-09-20 22:46:16
641,1009,20260928,663.48,AZN,Mobile,Completed,False,TXN_641,RUN_2026_09_20_01,POSTGRES_OLTP,2026-09-20 22:46:16
642,1057,20260909,1994.83,AZN,Mobile,Completed,False,TXN_642,RUN_2026_09_20_01,POSTGRES_OLTP,2026-09-20 22:46:16
643,1047,20260909,221.19,USD,POS,Completed,False,TXN_643,RUN_2026_09_20_01,POSTGRES_OLTP,2026-09-20 22:46:16
644,1084,20260902,221.98,EUR,ATM,Completed,False,TXN_644,RUN_2026_09_20_01,POSTGRES_OLTP,2026-09-20 22:46:16
645,1092,20260901,1305.83,AZN,POS,Completed,False,TXN_645,RUN_2026_09_20_01,POSTGRES_OLTP,2026-09-20 22:46:16
646,1007,20260917,1881.54,USD,POS,Completed,False,TXN_646,RUN_2026_09_20_01,POSTGRES_OLTP,2026-09-20 22:46:16
647,1036,20260915,1805.14,EUR,Mobile,Completed,False,TXN_647,RUN_2026_09_20_01,POSTGRES_OLTP,2026-09-20 22:46:16
648,1020,20260920,1566.55,AZN,Web,Completed,False,TXN_648,RUN_2026_09_20_01,POSTGRES_OLTP,2026-09-20 22:46:16
649,1091,20260926,185.79,USD,ATM,Completed,False,TXN_649,RUN_2026_09_20_01,POSTGRES_OLTP,2026-09-20 22:46:16
650,1069,20260902,2345.05,USD,Web,Completed,False,TXN_650,RUN_2026_09_20_01,POSTGRES_OLTP,2026-09-20 22:46:16
651,1013,20260911,1701.4,USD,ATM,Completed,False,TXN_651,RUN_2026_09_20_01,POSTGRES_OLTP,2026-09-20 22:46:16
652,1055,20260912,661.49,EUR,POS,Completed,False,TXN_652,RUN_2026_09_20_01,POSTGRES_OLTP,2026-09-20 22:46:16
653,1061,20260905,524.94,USD,ATM,Completed,False,TXN_653,RUN_2026_09_20_01,POSTGRES_OLTP,2026-09-20 22:46:16
654,1034,20260913,1483.95,USD,Web,Completed,False,TXN_654,RUN_2026_09_20_01,POSTGRES_OLTP,2026-09-20 22:46:16
655,1047,20260925,2163.3,USD,Web,Completed,False,TXN_655,RUN_2026_09_20_01,POSTGRES_OLTP,2026-09-20 22:46:16
656,1038,20260901,2239.88,EUR,POS,Completed,True,TXN_656,RUN_2026_09_20_01,POSTGRES_OLTP,2026-09-20 22:46:16
657,1033,20260924,2006.07,AZN,Web,Completed,False,TXN_657,RUN_2026_09_20_01,POSTGRES_OLTP,2026-09-20 22:46:16
658,1067,20260917,2480.93,EUR,Mobile,Completed,False,TXN_658,RUN_2026_09_20_01,POSTGRES_OLTP,2026-09-20 22:46:16
659,1017,20260928,1203.96,USD,Mobile,Completed,False,TXN_659,RUN_2026_09_20_01,POSTGRES_OLTP,2026-09-20 22:46:16
660,1056,20260923,1174.79,AZN,POS,Completed,False,TXN_660,RUN_2026_09_20_01,POSTGRES_OLTP,2026-09-20 22:46:16
661,1097,20260930,1441.54,USD,Mobile,Completed,False,TXN_661,RUN_2026_09_20_01,POSTGRES_OLTP,2026-09-20 22:46:16
662,1067,20260922,1754.82,AZN,Web,Completed,False,TXN_662,RUN_2026_09_20_01,POSTGRES_OLTP,2026-09-20 22:46:16
663,1093,20260923,1984.35,EUR,POS,Completed,False,TXN_663,RUN_2026_09_20_01,POSTGRES_OLTP,2026-09-20 22:46:16
664,1066,20260902,1619.14,USD,Mobile,Completed,False,TXN_664,RUN_2026_09_20_01,POSTGRES_OLTP,2026-09-20 22:46:16
665,1033,20260909,1306.38,EUR,ATM,Completed,False,TXN_665,RUN_2026_09_20_01,POSTGRES_OLTP,2026-09-20 22:46:16
666,1084,20260914,1705.65,EUR,POS,Completed,False,TXN_666,RUN_2026_09_20_01,POSTGRES_OLTP,2026-09-20 22:46:16
667,1053,20260923,1570.15,EUR,Mobile,Completed,False,TXN_667,RUN_2026_09_20_01,POSTGRES_OLTP,2026-09-20 22:46:16
668,1025,20260902,1402.96,EUR,ATM,Completed,False,TXN_668,RUN_2026_09_20_01,POSTGRES_OLTP,2026-09-20 22:46:16
669,1027,20260924,1706.41,AZN,Mobile,Completed,False,TXN_669,RUN_2026_09_20_01,POSTGRES_OLTP,2026-09-20 22:46:16
670,1043,20260928,365.59,USD,Mobile,Completed,False,TXN_670,RUN_2026_09_20_01,POSTGRES_OLTP,2026-09-20 22:46:16
671,1004,20260912,1491.46,EUR,Mobile,Completed,False,TXN_671,RUN_2026_09_20_01,POSTGRES_OLTP,2026-09-20 22:46:16
672,1100,20260925,2437.04,EUR,Web,Completed,False,TXN_672,RUN_2026_09_20_01,POSTGRES_OLTP,2026-09-20 22:46:16
673,1038,20260906,639.69,EUR,POS,Completed,False,TXN_673,RUN_2026_09_20_01,POSTGRES_OLTP,2026-09-20 22:46:16
674,1054,20260903,1962.97,EUR,Web,Completed,False,TXN_674,RUN_2026_09_20_01,POSTGRES_OLTP,2026-09-20 22:46:16
675,1012,20260901,2317.57,USD,ATM,Completed,False,TXN_675,RUN_2026_09_20_01,POSTGRES_OLTP,2026-09-20 22:46:16
676,1090,20260917,997.22,EUR,Web,Completed,False,TXN_676,RUN_2026_09_20_01,POSTGRES_OLTP,2026-09-20 22:46:16
677,1039,20260911,1914.06,EUR,Mobile,Completed,False,TXN_677,RUN_2026_09_20_01,POSTGRES_OLTP,2026-09-20 22:46:16
678,1042,20260915,2169.05,USD,Web,Completed,True,TXN_678,RUN_2026_09_20_01,POSTGRES_OLTP,2026-09-20 22:46:16
679,1076,20260919,754.98,EUR,Mobile,Completed,False,TXN_679,RUN_2026_09_20_01,POSTGRES_OLTP,2026-09-20 22:46:16
680,1001,20260925,541.97,EUR,POS,Completed,False,TXN_680,RUN_2026_09_20_01,POSTGRES_OLTP,2026-09-20 22:46:16
681,1006,20260925,1088.96,USD,Web,Completed,False,TXN_681,RUN_2026_09_20_01,POSTGRES_OLTP,2026-09-20 22:46:16
682,1041,20260903,1261.71,AZN,ATM,Completed,False,TXN_682,RUN_2026_09_20_01,POSTGRES_OLTP,2026-09-20 22:46:16
683,1004,20260929,1616.18,AZN,Mobile,Completed,False,TXN_683,RUN_2026_09_20_01,POSTGRES_OLTP,2026-09-20 22:46:16
684,1090,20260917,328.17,EUR,Mobile,Completed,False,TXN_684,RUN_2026_09_20_01,POSTGRES_OLTP,2026-09-20 22:46:16
685,1032,20260906,114.12,USD,POS,Completed,False,TXN_685,RUN_2026_09_20_01,POSTGRES_OLTP,2026-09-20 22:46:16
686,1069,20260925,855.22,AZN,ATM,Completed,False,TXN_686,RUN_2026_09_20_01,POSTGRES_OLTP,2026-09-20 22:46:16
687,1027,20260905,1560.91,EUR,POS,Completed,False,TXN_687,RUN_2026_09_20_01,POSTGRES_OLTP,2026-09-20 22:46:16
688,1066,20260928,2327.46,EUR,POS,Completed,False,TXN_688,RUN_2026_09_20_01,POSTGRES_OLTP,2026-09-20 22:46:16
689,1005,20260915,1276.45,AZN,POS,Completed,False,TXN_689,RUN_2026_09_20_01,POSTGRES_OLTP,2026-09-20 22:46:16
690,1032,20260926,55.68,EUR,Web,Completed,False,TXN_690,RUN_2026_09_20_01,POSTGRES_OLTP,2026-09-20 22:46:16
691,1090,20260905,1634.1,EUR,Web,Completed,False,TXN_691,RUN_2026_09_20_01,POSTGRES_OLTP,2026-09-20 22:46:16
692,1095,20260921,1437.21,AZN,ATM,Completed,False,TXN_692,RUN_2026_09_20_01,POSTGRES_OLTP,2026-09-20 22:46:16
693,1022,20260920,59.13,USD,Mobile,Completed,False,TXN_693,RUN_2026_09_20_01,POSTGRES_OLTP,2026-09-20 22:46:16
694,1085,20260908,939.76,EUR,Web,Completed,False,TXN_694,RUN_2026_09_20_01,POSTGRES_OLTP,2026-09-20 22:46:16
695,1011,20260916,2062.6,AZN,Web,Completed,False,TXN_695,RUN_2026_09_20_01,POSTGRES_OLTP,2026-09-20 22:46:16
696,1081,20260929,945.43,AZN,Mobile,Completed,False,TXN_696,RUN_2026_09_20_01,POSTGRES_OLTP,2026-09-20 22:46:16
697,1009,20260923,356.01,USD,ATM,Completed,False,TXN_697,RUN_2026_09_20_01,POSTGRES_OLTP,2026-09-20 22:46:16
698,1036,20260902,1185.05,EUR,ATM,Completed,False,TXN_698,RUN_2026_09_20_01,POSTGRES_OLTP,2026-09-20 22:46:16
699,1046,20260904,2305.57,AZN,ATM,Completed,True,TXN_699,RUN_2026_09_20_01,POSTGRES_OLTP,2026-09-20 22:46:16
700,1042,20260915,1235.39,AZN,Mobile,Completed,False,TXN_700,RUN_2026_09_20_01,POSTGRES_OLTP,2026-09-20 22:46:16
701,1077,20260909,27.71,AZN,Web,Completed,False,TXN_701,RUN_2026_09_20_01,POSTGRES_OLTP,2026-09-20 22:46:16
702,1034,20260902,1485.81,USD,Web,Completed,False,TXN_702,RUN_2026_09_20_01,POSTGRES_OLTP,2026-09-20 22:46:16
703,1091,20260903,1070.96,EUR,Mobile,Completed,False,TXN_703,RUN_2026_09_20_01,POSTGRES_OLTP,2026-09-20 22:46:16
704,1066,20260924,399.96,AZN,POS,Completed,False,TXN_704,RUN_2026_09_20_01,POSTGRES_OLTP,2026-09-20 22:46:16
705,1043,20260915,261.06,USD,Web,Completed,False,TXN_705,RUN_2026_09_20_01,POSTGRES_OLTP,2026-09-20 22:46:16
706,1074,20260906,1906.56,AZN,ATM,Completed,False,TXN_706,RUN_2026_09_20_01,POSTGRES_OLTP,2026-09-20 22:46:16
707,1032,20260912,587.4,USD,POS,Completed,False,TXN_707,RUN_2026_09_20_01,POSTGRES_OLTP,2026-09-20 22:46:16
708,1065,20260907,933.71,EUR,POS,Completed,False,TXN_708,RUN_2026_09_20_01,POSTGRES_OLTP,2026-09-20 22:46:16
709,1082,20260921,1481.31,USD,Mobile,Completed,False,TXN_709,RUN_2026_09_20_01,POSTGRES_OLTP,2026-09-20 22:46:16
710,1020,20260927,1537.05,AZN,Mobile,Completed,False,TXN_710,RUN_2026_09_20_01,POSTGRES_OLTP,2026-09-20 22:46:16
711,1049,20260909,553.35,USD,ATM,Completed,False,TXN_711,RUN_2026_09_20_01,POSTGRES_OLTP,2026-09-20 22:46:16
712,1092,20260907,808.28,AZN,POS,Completed,False,TXN_712,RUN_2026_09_20_01,POSTGRES_OLTP,2026-09-20 22:46:16
713,1083,20260921,1228.74,AZN,Mobile,Completed,False,TXN_713,RUN_2026_09_20_01,POSTGRES_OLTP,2026-09-20 22:46:16
714,1052,20260918,2121.6,EUR,POS,Completed,False,TXN_714,RUN_2026_09_20_01,POSTGRES_OLTP,2026-09-20 22:46:16
715,1029,20260920,694.65,AZN,ATM,Completed,False,TXN_715,RUN_2026_09_20_01,POSTGRES_OLTP,2026-09-20 22:46:16
716,1063,20260920,1407.94,AZN,POS,Completed,False,TXN_716,RUN_2026_09_20_01,POSTGRES_OLTP,2026-09-20 22:46:16
717,1068,20260927,181.74,EUR,Mobile,Completed,False,TXN_717,RUN_2026_09_20_01,POSTGRES_OLTP,2026-09-20 22:46:16
718,1086,20260930,306.86,USD,Web,Completed,False,TXN_718,RUN_2026_09_20_01,POSTGRES_OLTP,2026-09-20 22:46:16
719,1018,20260909,1350.01,USD,POS,Completed,False,TXN_719,RUN_2026_09_20_01,POSTGRES_OLTP,2026-09-20 22:46:16
720,1066,20260913,1493.64,USD,Mobile,Completed,False,TXN_720,RUN_2026_09_20_01,POSTGRES_OLTP,2026-09-20 22:46:16
721,1034,20260926,593.37,AZN,POS,Completed,False,TXN_721,RUN_2026_09_20_01,POSTGRES_OLTP,2026-09-20 22:46:16
722,1043,20260910,2283.55,USD,ATM,Completed,False,TXN_722,RUN_2026_09_20_01,POSTGRES_OLTP,2026-09-20 22:46:16
723,1058,20260919,1771.74,USD,ATM,Completed,False,TXN_723,RUN_2026_09_20_01,POSTGRES_OLTP,2026-09-20 22:46:16
724,1093,20260923,1610.44,EUR,POS,Completed,False,TXN_724,RUN_2026_09_20_01,POSTGRES_OLTP,2026-09-20 22:46:16
725,1073,20260903,2284.01,EUR,POS,Completed,False,TXN_725,RUN_2026_09_20_01,POSTGRES_OLTP,2026-09-20 22:46:16
726,1018,20260912,2313.08,USD,ATM,Completed,False,TXN_726,RUN_2026_09_20_01,POSTGRES_OLTP,2026-09-20 22:46:16
727,1096,20260924,2140.88,USD,Web,Completed,False,TXN_727,RUN_2026_09_20_01,POSTGRES_OLTP,2026-09-20 22:46:16
728,1004,20260912,1928.17,EUR,POS,Completed,False,TXN_728,RUN_2026_09_20_01,POSTGRES_OLTP,2026-09-20 22:46:16
729,1056,20260925,168.43,AZN,POS,Completed,False,TXN_729,RUN_2026_09_20_01,POSTGRES_OLTP,2026-09-20 22:46:16
730,1093,20260919,1075.34,AZN,ATM,Completed,False,TXN_730,RUN_2026_09_20_01,POSTGRES_OLTP,2026-09-20 22:46:16
731,1088,20260930,2365.82,USD,ATM,Completed,False,TXN_731,RUN_2026_09_20_01,POSTGRES_OLTP,2026-09-20 22:46:16
732,1045,20260925,918.92,AZN,ATM,Completed,False,TXN_732,RUN_2026_09_20_01,POSTGRES_OLTP,2026-09-20 22:46:16
733,1021,20260921,2290.79,AZN,ATM,Completed,False,TXN_733,RUN_2026_09_20_01,POSTGRES_OLTP,2026-09-20 22:46:16
734,1088,20260902,2188.75,EUR,POS,Completed,False,TXN_734,RUN_2026_09_20_01,POSTGRES_OLTP,2026-09-20 22:46:16
735,1051,20260910,142.06,EUR,Mobile,Completed,False,TXN_735,RUN_2026_09_20_01,POSTGRES_OLTP,2026-09-20 22:46:16
736,1039,20260916,641.12,EUR,Web,Completed,False,TXN_736,RUN_2026_09_20_01,POSTGRES_OLTP,2026-09-20 22:46:16
737,1004,20260928,2393.38,EUR,Mobile,Completed,False,TXN_737,RUN_2026_09_20_01,POSTGRES_OLTP,2026-09-20 22:46:16
738,1018,20260923,571.72,AZN,ATM,Completed,False,TXN_738,RUN_2026_09_20_01,POSTGRES_OLTP,2026-09-20 22:46:16
739,1035,20260923,553.03,USD,Web,Completed,False,TXN_739,RUN_2026_09_20_01,POSTGRES_OLTP,2026-09-20 22:46:16
740,1017,20260925,472.47,USD,Mobile,Completed,False,TXN_740,RUN_2026_09_20_01,POSTGRES_OLTP,2026-09-20 22:46:16
741,1057,20260912,1466.01,EUR,ATM,Completed,False,TXN_741,RUN_2026_09_20_01,POSTGRES_OLTP,2026-09-20 22:46:16
742,1082,20260914,387.02,USD,POS,Completed,False,TXN_742,RUN_2026_09_20_01,POSTGRES_OLTP,2026-09-20 22:46:16
743,1036,20260928,429.98,EUR,Web,Completed,False,TXN_743,RUN_2026_09_20_01,POSTGRES_OLTP,2026-09-20 22:46:16
744,1002,20260907,139.72,EUR,Web,Completed,False,TXN_744,RUN_2026_09_20_01,POSTGRES_OLTP,2026-09-20 22:46:16
745,1081,20260920,248.25,USD,Mobile,Completed,False,TXN_745,RUN_2026_09_20_01,POSTGRES_OLTP,2026-09-20 22:46:16
746,1007,20260903,231.2,EUR,ATM,Completed,False,TXN_746,RUN_2026_09_20_01,POSTGRES_OLTP,2026-09-20 22:46:16
747,1064,20260920,2091.89,AZN,ATM,Completed,False,TXN_747,RUN_2026_09_20_01,POSTGRES_OLTP,2026-09-20 22:46:16
748,1053,20260921,2346.75,AZN,POS,Completed,False,TXN_748,RUN_2026_09_20_01,POSTGRES_OLTP,2026-09-20 22:46:16
749,1072,20260914,170.24,EUR,ATM,Completed,False,TXN_749,RUN_2026_09_20_01,POSTGRES_OLTP,2026-09-20 22:46:16
750,1041,20260929,2431.0,EUR,POS,Completed,False,TXN_750,RUN_2026_09_20_01,POSTGRES_OLTP,2026-09-20 22:46:16
751,1023,20260908,267.69,USD,Web,Completed,False,TXN_751,RUN_2026_09_20_01,POSTGRES_OLTP,2026-09-20 22:46:16
752,1030,20260921,1852.35,EUR,POS,Completed,False,TXN_752,RUN_2026_09_20_01,POSTGRES_OLTP,2026-09-20 22:46:16
753,1096,20260908,186.76,AZN,Web,Completed,False,TXN_753,RUN_2026_09_20_01,POSTGRES_OLTP,2026-09-20 22:46:16
754,1039,20260927,1990.91,USD,Mobile,Completed,False,TXN_754,RUN_2026_09_20_01,POSTGRES_OLTP,2026-09-20 22:46:16
755,1097,20260928,560.19,USD,Mobile,Completed,False,TXN_755,RUN_2026_09_20_01,POSTGRES_OLTP,2026-09-20 22:46:16
756,1026,20260915,1776.73,AZN,Web,Completed,False,TXN_756,RUN_2026_09_20_01,POSTGRES_OLTP,2026-09-20 22:46:16
757,1024,20260914,1091.97,AZN,POS,Completed,False,TXN_757,RUN_2026_09_20_01,POSTGRES_OLTP,2026-09-20 22:46:16
758,1076,20260913,2037.09,AZN,Web,Completed,False,TXN_758,RUN_2026_09_20_01,POSTGRES_OLTP,2026-09-20 22:46:16
759,1074,20260909,122.71,EUR,ATM,Completed,False,TXN_759,RUN_2026_09_20_01,POSTGRES_OLTP,2026-09-20 22:46:16
760,1073,20260903,663.24,EUR,Mobile,Completed,False,TXN_760,RUN_2026_09_20_01,POSTGRES_OLTP,2026-09-20 22:46:16
761,1086,20260926,411.15,USD,Web,Completed,False,TXN_761,RUN_2026_09_20_01,POSTGRES_OLTP,2026-09-20 22:46:16
762,1044,20260912,1117.76,AZN,Web,Completed,False,TXN_762,RUN_2026_09_20_01,POSTGRES_OLTP,2026-09-20 22:46:16
763,1012,20260902,749.84,AZN,Web,Completed,False,TXN_763,RUN_2026_09_20_01,POSTGRES_OLTP,2026-09-20 22:46:16
764,1020,20260919,1431.1,EUR,POS,Completed,False,TXN_764,RUN_2026_09_20_01,POSTGRES_OLTP,2026-09-20 22:46:16
765,1017,20260928,1592.1,AZN,Web,Completed,False,TXN_765,RUN_2026_09_20_01,POSTGRES_OLTP,2026-09-20 22:46:16
766,1071,20260913,2434.58,EUR,Web,Completed,False,TXN_766,RUN_2026_09_20_01,POSTGRES_OLTP,2026-09-20 22:46:16
767,1046,20260927,2057.68,AZN,Mobile,Completed,False,TXN_767,RUN_2026_09_20_01,POSTGRES_OLTP,2026-09-20 22:46:16
768,1040,20260920,1181.65,AZN,POS,Completed,False,TXN_768,RUN_2026_09_20_01,POSTGRES_OLTP,2026-09-20 22:46:16
769,1024,20260911,144.18,USD,POS,Completed,False,TXN_769,RUN_2026_09_20_01,POSTGRES_OLTP,2026-09-20 22:46:16
770,1075,20260904,2131.91,USD,Web,Completed,False,TXN_770,RUN_2026_09_20_01,POSTGRES_OLTP,2026-09-20 22:46:16
771,1072,20260902,1296.56,USD,POS,Completed,False,TXN_771,RUN_2026_09_20_01,POSTGRES_OLTP,2026-09-20 22:46:16
772,1079,20260911,1104.77,AZN,Web,Completed,False,TXN_772,RUN_2026_09_20_01,POSTGRES_OLTP,2026-09-20 22:46:16
773,1097,20260915,2204.25,EUR,ATM,Completed,False,TXN_773,RUN_2026_09_20_01,POSTGRES_OLTP,2026-09-20 22:46:16
774,1046,20260912,2201.02,AZN,POS,Completed,False,TXN_774,RUN_2026_09_20_01,POSTGRES_OLTP,2026-09-20 22:46:16
775,1096,20260915,2265.61,USD,ATM,Completed,False,TXN_775,RUN_2026_09_20_01,POSTGRES_OLTP,2026-09-20 22:46:16
776,1011,20260914,918.58,EUR,ATM,Completed,False,TXN_776,RUN_2026_09_20_01,POSTGRES_OLTP,2026-09-20 22:46:16
777,1032,20260923,1401.47,USD,POS,Completed,False,TXN_777,RUN_2026_09_20_01,POSTGRES_OLTP,2026-09-20 22:46:16
778,1095,20260916,594.16,AZN,ATM,Completed,False,TXN_778,RUN_2026_09_20_01,POSTGRES_OLTP,2026-09-20 22:46:16
779,1010,20260911,279.73,EUR,Web,Completed,False,TXN_779,RUN_2026_09_20_01,POSTGRES_OLTP,2026-09-20 22:46:16
780,1058,20260917,350.17,USD,ATM,Completed,False,TXN_780,RUN_2026_09_20_01,POSTGRES_OLTP,2026-09-20 22:46:16
781,1015,20260907,201.79,AZN,ATM,Completed,False,TXN_781,RUN_2026_09_20_01,POSTGRES_OLTP,2026-09-20 22:46:16
782,1087,20260919,1670.99,EUR,Web,Completed,False,TXN_782,RUN_2026_09_20_01,POSTGRES_OLTP,2026-09-20 22:46:16
783,1061,20260929,2378.58,USD,Mobile,Completed,True,TXN_783,RUN_2026_09_20_01,POSTGRES_OLTP,2026-09-20 22:46:16
784,1053,20260920,1614.61,EUR,ATM,Completed,False,TXN_784,RUN_2026_09_20_01,POSTGRES_OLTP,2026-09-20 22:46:16
785,1028,20260910,2020.02,USD,Mobile,Completed,False,TXN_785,RUN_2026_09_20_01,POSTGRES_OLTP,2026-09-20 22:46:16
786,1082,20260903,256.42,USD,POS,Completed,False,TXN_786,RUN_2026_09_20_01,POSTGRES_OLTP,2026-09-20 22:46:16
787,1032,20260902,945.61,EUR,POS,Completed,False,TXN_787,RUN_2026_09_20_01,POSTGRES_OLTP,2026-09-20 22:46:16
788,1072,20260910,262.71,EUR,ATM,Completed,False,TXN_788,RUN_2026_09_20_01,POSTGRES_OLTP,2026-09-20 22:46:16
789,1095,20260907,1156.48,AZN,ATM,Completed,False,TXN_789,RUN_2026_09_20_01,POSTGRES_OLTP,2026-09-20 22:46:16
790,1057,20260903,2085.36,USD,Mobile,Completed,False,TXN_790,RUN_2026_09_20_01,POSTGRES_OLTP,2026-09-20 22:46:16
791,1076,20260925,123.36,USD,ATM,Completed,False,TXN_791,RUN_2026_09_20_01,POSTGRES_OLTP,2026-09-20 22:46:16
792,1029,20260924,1527.45,AZN,POS,Completed,False,TXN_792,RUN_2026_09_20_01,POSTGRES_OLTP,2026-09-20 22:46:16
793,1004,20260907,401.47,USD,Mobile,Completed,False,TXN_793,RUN_2026_09_20_01,POSTGRES_OLTP,2026-09-20 22:46:16
794,1034,20260912,952.1,AZN,Mobile,Completed,False,TXN_794,RUN_2026_09_20_01,POSTGRES_OLTP,2026-09-20 22:46:16
795,1093,20260926,1576.5,EUR,POS,Completed,False,TXN_795,RUN_2026_09_20_01,POSTGRES_OLTP,2026-09-20 22:46:16
796,1052,20260904,430.03,USD,Mobile,Completed,False,TXN_796,RUN_2026_09_20_01,POSTGRES_OLTP,2026-09-20 22:46:16
797,1066,20260919,2498.08,AZN,Mobile,Completed,False,TXN_797,RUN_2026_09_20_01,POSTGRES_OLTP,2026-09-20 22:46:16
798,1055,20260908,1459.54,EUR,ATM,Completed,False,TXN_798,RUN_2026_09_20_01,POSTGRES_OLTP,2026-09-20 22:46:16
799,1082,20260928,1828.89,EUR,ATM,Completed,False,TXN_799,RUN_2026_09_20_01,POSTGRES_OLTP,2026-09-20 22:46:16
800,1066,20260912,1425.03,USD,POS,Completed,False,TXN_800,RUN_2026_09_20_01,POSTGRES_OLTP,2026-09-20 22:46:16
801,1074,20260914,2224.1,EUR,ATM,Completed,False,TXN_801,RUN_2026_09_20_01,POSTGRES_OLTP,2026-09-20 22:46:16
802,1066,20260904,211.16,EUR,Web,Completed,False,TXN_802,RUN_2026_09_20_01,POSTGRES_OLTP,2026-09-20 22:46:16
803,1042,20260923,924.19,EUR,Web,Completed,False,TXN_803,RUN_2026_09_20_01,POSTGRES_OLTP,2026-09-20 22:46:16
804,1046,20260911,2267.15,EUR,POS,Completed,False,TXN_804,RUN_2026_09_20_01,POSTGRES_OLTP,2026-09-20 22:46:16
805,1059,20260926,882.28,AZN,ATM,Completed,False,TXN_805,RUN_2026_09_20_01,POSTGRES_OLTP,2026-09-20 22:46:16
806,1047,20260903,1209.76,EUR,POS,Completed,False,TXN_806,RUN_2026_09_20_01,POSTGRES_OLTP,2026-09-20 22:46:16
807,1083,20260926,629.41,EUR,Mobile,Completed,False,TXN_807,RUN_2026_09_20_01,POSTGRES_OLTP,2026-09-20 22:46:16
808,1055,20260917,2219.35,AZN,Mobile,Completed,False,TXN_808,RUN_2026_09_20_01,POSTGRES_OLTP,2026-09-20 22:46:16
809,1024,20260903,258.22,EUR,Web,Completed,False,TXN_809,RUN_2026_09_20_01,POSTGRES_OLTP,2026-09-20 22:46:16
810,1065,20260921,1085.71,EUR,Web,Completed,False,TXN_810,RUN_2026_09_20_01,POSTGRES_OLTP,2026-09-20 22:46:16
811,1068,20260924,335.31,AZN,Web,Completed,False,TXN_811,RUN_2026_09_20_01,POSTGRES_OLTP,2026-09-20 22:46:16
812,1032,20260906,1233.68,EUR,POS,Completed,False,TXN_812,RUN_2026_09_20_01,POSTGRES_OLTP,2026-09-20 22:46:16
813,1024,20260918,1244.07,EUR,ATM,Completed,False,TXN_813,RUN_2026_09_20_01,POSTGRES_OLTP,2026-09-20 22:46:16
814,1081,20260926,1476.3,EUR,ATM,Completed,False,TXN_814,RUN_2026_09_20_01,POSTGRES_OLTP,2026-09-20 22:46:16
815,1069,20260906,1523.76,USD,ATM,Completed,False,TXN_815,RUN_2026_09_20_01,POSTGRES_OLTP,2026-09-20 22:46:16
816,1003,20260911,909.24,AZN,POS,Completed,False,TXN_816,RUN_2026_09_20_01,POSTGRES_OLTP,2026-09-20 22:46:16
817,1088,20260922,1274.62,USD,ATM,Completed,False,TXN_817,RUN_2026_09_20_01,POSTGRES_OLTP,2026-09-20 22:46:16
818,1052,20260927,729.23,EUR,POS,Completed,False,TXN_818,RUN_2026_09_20_01,POSTGRES_OLTP,2026-09-20 22:46:16
819,1010,20260925,214.7,AZN,ATM,Completed,False,TXN_819,RUN_2026_09_20_01,POSTGRES_OLTP,2026-09-20 22:46:16
820,1033,20260930,2160.75,USD,Mobile,Completed,False,TXN_820,RUN_2026_09_20_01,POSTGRES_OLTP,2026-09-20 22:46:16
821,1043,20260901,19.95,AZN,ATM,Completed,False,TXN_821,RUN_2026_09_20_01,POSTGRES_OLTP,2026-09-20 22:46:16
822,1075,20260913,2283.97,USD,Web,Completed,False,TXN_822,RUN_2026_09_20_01,POSTGRES_OLTP,2026-09-20 22:46:16
823,1097,20260905,80.17,AZN,POS,Completed,False,TXN_823,RUN_2026_09_20_01,POSTGRES_OLTP,2026-09-20 22:46:16
824,1022,20260925,1975.78,USD,ATM,Completed,False,TXN_824,RUN_2026_09_20_01,POSTGRES_OLTP,2026-09-20 22:46:16
825,1044,20260919,356.76,AZN,Web,Completed,False,TXN_825,RUN_2026_09_20_01,POSTGRES_OLTP,2026-09-20 22:46:16
826,1072,20260911,1865.91,USD,Web,Completed,False,TXN_826,RUN_2026_09_20_01,POSTGRES_OLTP,2026-09-20 22:46:16
827,1094,20260903,448.53,AZN,POS,Completed,False,TXN_827,RUN_2026_09_20_01,POSTGRES_OLTP,2026-09-20 22:46:16
828,1015,20260904,1334.01,EUR,Web,Completed,False,TXN_828,RUN_2026_09_20_01,POSTGRES_OLTP,2026-09-20 22:46:16
829,1040,20260908,692.4,AZN,Mobile,Completed,False,TXN_829,RUN_2026_09_20_01,POSTGRES_OLTP,2026-09-20 22:46:16
830,1089,20260930,181.76,AZN,Web,Completed,False,TXN_830,RUN_2026_09_20_01,POSTGRES_OLTP,2026-09-20 22:46:16
831,1036,20260903,2050.91,EUR,ATM,Completed,False,TXN_831,RUN_2026_09_20_01,POSTGRES_OLTP,2026-09-20 22:46:16
832,1027,20260903,1096.05,AZN,Web,Completed,False,TXN_832,RUN_2026_09_20_01,POSTGRES_OLTP,2026-09-20 22:46:16
833,1022,20260921,1189.88,EUR,ATM,Completed,False,TXN_833,RUN_2026_09_20_01,POSTGRES_OLTP,2026-09-20 22:46:16
834,1070,20260928,1573.9,AZN,ATM,Completed,False,TXN_834,RUN_2026_09_20_01,POSTGRES_OLTP,2026-09-20 22:46:16
835,1086,20260902,650.76,EUR,Web,Completed,False,TXN_835,RUN_2026_09_20_01,POSTGRES_OLTP,2026-09-20 22:46:16
836,1064,20260917,480.37,USD,Mobile,Completed,False,TXN_836,RUN_2026_09_20_01,POSTGRES_OLTP,2026-09-20 22:46:16
837,1012,20260907,179.92,EUR,Web,Completed,False,TXN_837,RUN_2026_09_20_01,POSTGRES_OLTP,2026-09-20 22:46:16
838,1021,20260917,1212.25,EUR,Mobile,Completed,False,TXN_838,RUN_2026_09_20_01,POSTGRES_OLTP,2026-09-20 22:46:16
839,1067,20260923,1368.81,AZN,ATM,Completed,False,TXN_839,RUN_2026_09_20_01,POSTGRES_OLTP,2026-09-20 22:46:16
840,1034,20260910,1769.07,AZN,POS,Completed,False,TXN_840,RUN_2026_09_20_01,POSTGRES_OLTP,2026-09-20 22:46:16
841,1069,20260923,1161.93,EUR,Web,Completed,False,TXN_841,RUN_2026_09_20_01,POSTGRES_OLTP,2026-09-20 22:46:16
842,1004,20260916,10.74,AZN,Mobile,Completed,False,TXN_842,RUN_2026_09_20_01,POSTGRES_OLTP,2026-09-20 22:46:16
843,1030,20260911,2385.71,USD,ATM,Completed,True,TXN_843,RUN_2026_09_20_01,POSTGRES_OLTP,2026-09-20 22:46:16
844,1095,20260925,1882.58,USD,ATM,Completed,False,TXN_844,RUN_2026_09_20_01,POSTGRES_OLTP,2026-09-20 22:46:16
845,1026,20260917,776.43,EUR,Web,Completed,False,TXN_845,RUN_2026_09_20_01,POSTGRES_OLTP,2026-09-20 22:46:16
846,1014,20260905,530.88,USD,ATM,Completed,False,TXN_846,RUN_2026_09_20_01,POSTGRES_OLTP,2026-09-20 22:46:16
847,1003,20260906,1621.56,AZN,POS,Completed,False,TXN_847,RUN_2026_09_20_01,POSTGRES_OLTP,2026-09-20 22:46:16
848,1038,20260905,2248.06,USD,ATM,Completed,False,TXN_848,RUN_2026_09_20_01,POSTGRES_OLTP,2026-09-20 22:46:16
849,1045,20260920,1212.29,EUR,Web,Completed,False,TXN_849,RUN_2026_09_20_01,POSTGRES_OLTP,2026-09-20 22:46:16
850,1041,20260905,412.69,USD,Web,Completed,False,TXN_850,RUN_2026_09_20_01,POSTGRES_OLTP,2026-09-20 22:46:16
851,1075,20260910,2426.67,AZN,Web,Completed,False,TXN_851,RUN_2026_09_20_01,POSTGRES_OLTP,2026-09-20 22:46:16
852,1031,20260929,1566.6,EUR,Mobile,Completed,False,TXN_852,RUN_2026_09_20_01,POSTGRES_OLTP,2026-09-20 22:46:16
853,1027,20260930,679.26,USD,Web,Completed,False,TXN_853,RUN_2026_09_20_01,POSTGRES_OLTP,2026-09-20 22:46:16
854,1039,20260930,1685.73,EUR,ATM,Completed,False,TXN_854,RUN_2026_09_20_01,POSTGRES_OLTP,2026-09-20 22:46:16
855,1065,20260905,150.96,EUR,Web,Completed,False,TXN_855,RUN_2026_09_20_01,POSTGRES_OLTP,2026-09-20 22:46:16
856,1053,20260916,790.53,USD,ATM,Completed,False,TXN_856,RUN_2026_09_20_01,POSTGRES_OLTP,2026-09-20 22:46:16
857,1076,20260922,1684.79,EUR,Mobile,Completed,False,TXN_857,RUN_2026_09_20_01,POSTGRES_OLTP,2026-09-20 22:46:16
858,1027,20260926,189.36,EUR,POS,Completed,False,TXN_858,RUN_2026_09_20_01,POSTGRES_OLTP,2026-09-20 22:46:16
859,1003,20260929,402.32,USD,ATM,Completed,False,TXN_859,RUN_2026_09_20_01,POSTGRES_OLTP,2026-09-20 22:46:16
860,1079,20260902,2388.22,EUR,POS,Completed,False,TXN_860,RUN_2026_09_20_01,POSTGRES_OLTP,2026-09-20 22:46:16
861,1029,20260918,2310.69,AZN,ATM,Completed,False,TXN_861,RUN_2026_09_20_01,POSTGRES_OLTP,2026-09-20 22:46:16
862,1019,20260907,2479.44,EUR,Web,Completed,False,TXN_862,RUN_2026_09_20_01,POSTGRES_OLTP,2026-09-20 22:46:16
863,1086,20260916,1097.34,EUR,Web,Completed,False,TXN_863,RUN_2026_09_20_01,POSTGRES_OLTP,2026-09-20 22:46:16
864,1055,20260915,1850.22,USD,Web,Completed,False,TXN_864,RUN_2026_09_20_01,POSTGRES_OLTP,2026-09-20 22:46:16
865,1079,20260913,1652.76,USD,POS,Completed,False,TXN_865,RUN_2026_09_20_01,POSTGRES_OLTP,2026-09-20 22:46:16
866,1094,20260913,1879.6,AZN,POS,Completed,False,TXN_866,RUN_2026_09_20_01,POSTGRES_OLTP,2026-09-20 22:46:16
867,1011,20260929,338.22,USD,Mobile,Completed,False,TXN_867,RUN_2026_09_20_01,POSTGRES_OLTP,2026-09-20 22:46:16
868,1067,20260905,2482.68,EUR,Web,Completed,False,TXN_868,RUN_2026_09_20_01,POSTGRES_OLTP,2026-09-20 22:46:16
869,1091,20260913,1027.29,EUR,POS,Completed,False,TXN_869,RUN_2026_09_20_01,POSTGRES_OLTP,2026-09-20 22:46:16
870,1096,20260902,145.77,AZN,Web,Completed,False,TXN_870,RUN_2026_09_20_01,POSTGRES_OLTP,2026-09-20 22:46:16
871,1065,20260903,158.66,EUR,Web,Completed,False,TXN_871,RUN_2026_09_20_01,POSTGRES_OLTP,2026-09-20 22:46:16
872,1089,20260915,2016.11,AZN,ATM,Completed,False,TXN_872,RUN_2026_09_20_01,POSTGRES_OLTP,2026-09-20 22:46:16
873,1025,20260910,197.56,EUR,POS,Completed,False,TXN_873,RUN_2026_09_20_01,POSTGRES_OLTP,2026-09-20 22:46:16
874,1011,20260928,991.04,AZN,POS,Completed,False,TXN_874,RUN_2026_09_20_01,POSTGRES_OLTP,2026-09-20 22:46:16
875,1012,20260917,1244.7,USD,Web,Completed,False,TXN_875,RUN_2026_09_20_01,POSTGRES_OLTP,2026-09-20 22:46:16
876,1079,20260920,2374.45,AZN,POS,Completed,False,TXN_876,RUN_2026_09_20_01,POSTGRES_OLTP,2026-09-20 22:46:16
877,1049,20260903,1990.57,EUR,Mobile,Completed,False,TXN_877,RUN_2026_09_20_01,POSTGRES_OLTP,2026-09-20 22:46:16
878,1071,20260911,1822.31,EUR,Web,Completed,False,TXN_878,RUN_2026_09_20_01,POSTGRES_OLTP,2026-09-20 22:46:16
879,1035,20260920,1564.07,AZN,Web,Completed,False,TXN_879,RUN_2026_09_20_01,POSTGRES_OLTP,2026-09-20 22:46:16
880,1029,20260916,2415.84,AZN,Mobile,Completed,False,TXN_880,RUN_2026_09_20_01,POSTGRES_OLTP,2026-09-20 22:46:16
881,1005,20260904,1206.89,EUR,Mobile,Completed,False,TXN_881,RUN_2026_09_20_01,POSTGRES_OLTP,2026-09-20 22:46:16
882,1067,20260905,325.0,AZN,ATM,Completed,False,TXN_882,RUN_2026_09_20_01,POSTGRES_OLTP,2026-09-20 22:46:16
883,1020,20260902,618.58,AZN,Web,Completed,False,TXN_883,RUN_2026_09_20_01,POSTGRES_OLTP,2026-09-20 22:46:16
884,1083,20260901,2237.65,USD,Web,Completed,False,TXN_884,RUN_2026_09_20_01,POSTGRES_OLTP,2026-09-20 22:46:16
885,1029,20260906,2276.26,EUR,Mobile,Completed,False,TXN_885,RUN_2026_09_20_01,POSTGRES_OLTP,2026-09-20 22:46:16
886,1018,20260923,1002.37,USD,Web,Completed,False,TXN_886,RUN_2026_09_20_01,POSTGRES_OLTP,2026-09-20 22:46:16
887,1048,20260909,611.41,EUR,ATM,Completed,False,TXN_887,RUN_2026_09_20_01,POSTGRES_OLTP,2026-09-20 22:46:16
888,1094,20260907,1348.25,AZN,Web,Completed,False,TXN_888,RUN_2026_09_20_01,POSTGRES_OLTP,2026-09-20 22:46:16
889,1029,20260926,520.54,USD,ATM,Completed,False,TXN_889,RUN_2026_09_20_01,POSTGRES_OLTP,2026-09-20 22:46:16
890,1074,20260916,282.78,EUR,ATM,Completed,False,TXN_890,RUN_2026_09_20_01,POSTGRES_OLTP,2026-09-20 22:46:16
891,1072,20260924,320.07,USD,Web,Completed,False,TXN_891,RUN_2026_09_20_01,POSTGRES_OLTP,2026-09-20 22:46:16
892,1072,20260909,1565.91,AZN,Mobile,Completed,False,TXN_892,RUN_2026_09_20_01,POSTGRES_OLTP,2026-09-20 22:46:16
893,1084,20260927,2199.18,EUR,POS,Completed,False,TXN_893,RUN_2026_09_20_01,POSTGRES_OLTP,2026-09-20 22:46:16
894,1033,20260908,2093.68,USD,ATM,Completed,False,TXN_894,RUN_2026_09_20_01,POSTGRES_OLTP,2026-09-20 22:46:16
895,1054,20260918,269.53,AZN,ATM,Completed,False,TXN_895,RUN_2026_09_20_01,POSTGRES_OLTP,2026-09-20 22:46:16
896,1033,20260911,1706.7,AZN,Mobile,Completed,False,TXN_896,RUN_2026_09_20_01,POSTGRES_OLTP,2026-09-20 22:46:16
897,1069,20260922,291.7,USD,Web,Completed,False,TXN_897,RUN_2026_09_20_01,POSTGRES_OLTP,2026-09-20 22:46:16
898,1022,20260923,2141.09,USD,Web,Completed,False,TXN_898,RUN_2026_09_20_01,POSTGRES_OLTP,2026-09-20 22:46:16
899,1071,20260917,30.16,AZN,Mobile,Completed,False,TXN_899,RUN_2026_09_20_01,POSTGRES_OLTP,2026-09-20 22:46:16
900,1065,20260903,1654.14,EUR,ATM,Completed,False,TXN_900,RUN_2026_09_20_01,POSTGRES_OLTP,2026-09-20 22:46:16
901,1036,20260916,1683.92,AZN,ATM,Completed,False,TXN_901,RUN_2026_09_20_01,POSTGRES_OLTP,2026-09-20 22:46:16
902,1039,20260925,696.34,EUR,Web,Completed,False,TXN_902,RUN_2026_09_20_01,POSTGRES_OLTP,2026-09-20 22:46:16
903,1091,20260912,1548.93,EUR,POS,Completed,False,TXN_903,RUN_2026_09_20_01,POSTGRES_OLTP,2026-09-20 22:46:16
904,1005,20260912,1786.63,EUR,POS,Completed,False,TXN_904,RUN_2026_09_20_01,POSTGRES_OLTP,2026-09-20 22:46:16
905,1008,20260922,1851.45,AZN,ATM,Completed,False,TXN_905,RUN_2026_09_20_01,POSTGRES_OLTP,2026-09-20 22:46:16
906,1100,20260903,487.17,EUR,POS,Completed,False,TXN_906,RUN_2026_09_20_01,POSTGRES_OLTP,2026-09-20 22:46:16
907,1081,20260923,620.91,USD,POS,Completed,False,TXN_907,RUN_2026_09_20_01,POSTGRES_OLTP,2026-09-20 22:46:16
908,1059,20260911,1137.41,AZN,POS,Completed,False,TXN_908,RUN_2026_09_20_01,POSTGRES_OLTP,2026-09-20 22:46:16
909,1079,20260926,1317.76,AZN,Mobile,Completed,False,TXN_909,RUN_2026_09_20_01,POSTGRES_OLTP,2026-09-20 22:46:16
910,1074,20260908,632.7,USD,POS,Completed,False,TXN_910,RUN_2026_09_20_01,POSTGRES_OLTP,2026-09-20 22:46:16
911,1017,20260915,447.36,AZN,Mobile,Completed,False,TXN_911,RUN_2026_09_20_01,POSTGRES_OLTP,2026-09-20 22:46:16
912,1048,20260909,916.54,EUR,Web,Completed,False,TXN_912,RUN_2026_09_20_01,POSTGRES_OLTP,2026-09-20 22:46:16
913,1055,20260912,663.83,EUR,Mobile,Completed,False,TXN_913,RUN_2026_09_20_01,POSTGRES_OLTP,2026-09-20 22:46:16
914,1064,20260919,1521.07,USD,ATM,Completed,False,TXN_914,RUN_2026_09_20_01,POSTGRES_OLTP,2026-09-20 22:46:16
915,1062,20260921,748.39,USD,Web,Completed,False,TXN_915,RUN_2026_09_20_01,POSTGRES_OLTP,2026-09-20 22:46:16
916,1050,20260912,1442.16,AZN,POS,Completed,False,TXN_916,RUN_2026_09_20_01,POSTGRES_OLTP,2026-09-20 22:46:16
917,1003,20260910,2308.56,AZN,Web,Completed,False,TXN_917,RUN_2026_09_20_01,POSTGRES_OLTP,2026-09-20 22:46:16
918,1028,20260929,108.29,AZN,Mobile,Completed,False,TXN_918,RUN_2026_09_20_01,POSTGRES_OLTP,2026-09-20 22:46:16
919,1022,20260926,1791.44,AZN,Web,Completed,False,TXN_919,RUN_2026_09_20_01,POSTGRES_OLTP,2026-09-20 22:46:16
920,1022,20260921,2012.66,AZN,ATM,Completed,True,TXN_920,RUN_2026_09_20_01,POSTGRES_OLTP,2026-09-20 22:46:16
921,1053,20260904,1086.54,USD,Web,Completed,False,TXN_921,RUN_2026_09_20_01,POSTGRES_OLTP,2026-09-20 22:46:16
922,1059,20260910,817.38,USD,Mobile,Completed,False,TXN_922,RUN_2026_09_20_01,POSTGRES_OLTP,2026-09-20 22:46:16
923,1098,20260912,1094.45,AZN,Web,Completed,False,TXN_923,RUN_2026_09_20_01,POSTGRES_OLTP,2026-09-20 22:46:16
924,1092,20260904,1132.4,USD,ATM,Completed,False,TXN_924,RUN_2026_09_20_01,POSTGRES_OLTP,2026-09-20 22:46:16
925,1053,20260901,2072.66,AZN,POS,Completed,False,TXN_925,RUN_2026_09_20_01,POSTGRES_OLTP,2026-09-20 22:46:16
926,1089,20260919,1499.79,USD,Web,Completed,False,TXN_926,RUN_2026_09_20_01,POSTGRES_OLTP,2026-09-20 22:46:16
927,1010,20260927,1741.93,USD,Web,Completed,False,TXN_927,RUN_2026_09_20_01,POSTGRES_OLTP,2026-09-20 22:46:16
928,1029,20260918,2362.5,USD,Web,Completed,False,TXN_928,RUN_2026_09_20_01,POSTGRES_OLTP,2026-09-20 22:46:16
929,1014,20260913,2280.26,USD,POS,Completed,False,TXN_929,RUN_2026_09_20_01,POSTGRES_OLTP,2026-09-20 22:46:16
930,1039,20260921,1330.34,USD,ATM,Completed,False,TXN_930,RUN_2026_09_20_01,POSTGRES_OLTP,2026-09-20 22:46:16
931,1050,20260923,1429.63,USD,Web,Completed,False,TXN_931,RUN_2026_09_20_01,POSTGRES_OLTP,2026-09-20 22:46:16
932,1052,20260908,903.48,USD,Web,Completed,False,TXN_932,RUN_2026_09_20_01,POSTGRES_OLTP,2026-09-20 22:46:16
933,1003,20260911,1671.88,USD,Mobile,Completed,False,TXN_933,RUN_2026_09_20_01,POSTGRES_OLTP,2026-09-20 22:46:16
934,1065,20260927,991.95,USD,POS,Completed,False,TXN_934,RUN_2026_09_20_01,POSTGRES_OLTP,2026-09-20 22:46:16
935,1072,20260926,475.86,USD,Web,Completed,False,TXN_935,RUN_2026_09_20_01,POSTGRES_OLTP,2026-09-20 22:46:16
936,1006,20260928,673.14,AZN,POS,Completed,False,TXN_936,RUN_2026_09_20_01,POSTGRES_OLTP,2026-09-20 22:46:16
937,1082,20260903,1865.04,USD,ATM,Completed,False,TXN_937,RUN_2026_09_20_01,POSTGRES_OLTP,2026-09-20 22:46:16
938,1070,20260910,313.55,USD,Mobile,Completed,False,TXN_938,RUN_2026_09_20_01,POSTGRES_OLTP,2026-09-20 22:46:16
939,1062,20260925,238.8,USD,Mobile,Completed,False,TXN_939,RUN_2026_09_20_01,POSTGRES_OLTP,2026-09-20 22:46:16
940,1043,20260926,1407.98,EUR,ATM,Completed,False,TXN_940,RUN_2026_09_20_01,POSTGRES_OLTP,2026-09-20 22:46:16
941,1019,20260915,292.7,EUR,ATM,Completed,False,TXN_941,RUN_2026_09_20_01,POSTGRES_OLTP,2026-09-20 22:46:16
942,1054,20260912,1610.46,AZN,ATM,Completed,False,TXN_942,RUN_2026_09_20_01,POSTGRES_OLTP,2026-09-20 22:46:16
943,1023,20260929,1549.55,USD,Web,Completed,False,TXN_943,RUN_2026_09_20_01,POSTGRES_OLTP,2026-09-20 22:46:16
944,1069,20260909,1244.91,EUR,ATM,Completed,False,TXN_944,RUN_2026_09_20_01,POSTGRES_OLTP,2026-09-20 22:46:16
945,1071,20260911,1269.27,EUR,POS,Completed,False,TXN_945,RUN_2026_09_20_01,POSTGRES_OLTP,2026-09-20 22:46:16
946,1098,20260915,1031.55,AZN,POS,Completed,False,TXN_946,RUN_2026_09_20_01,POSTGRES_OLTP,2026-09-20 22:46:16
947,1047,20260907,1643.93,EUR,Mobile,Completed,True,TXN_947,RUN_2026_09_20_01,POSTGRES_OLTP,2026-09-20 22:46:16
948,1098,20260906,1340.63,EUR,Mobile,Completed,False,TXN_948,RUN_2026_09_20_01,POSTGRES_OLTP,2026-09-20 22:46:16
949,1044,20260924,1146.36,USD,ATM,Completed,False,TXN_949,RUN_2026_09_20_01,POSTGRES_OLTP,2026-09-20 22:46:16
950,1071,20260908,1462.9,USD,Mobile,Completed,False,TXN_950,RUN_2026_09_20_01,POSTGRES_OLTP,2026-09-20 22:46:16
951,1040,20260921,1386.32,USD,Mobile,Completed,False,TXN_951,RUN_2026_09_20_01,POSTGRES_OLTP,2026-09-20 22:46:16
952,1011,20260904,931.29,EUR,POS,Completed,False,TXN_952,RUN_2026_09_20_01,POSTGRES_OLTP,2026-09-20 22:46:16
953,1025,20260930,2266.35,USD,Mobile,Completed,False,TXN_953,RUN_2026_09_20_01,POSTGRES_OLTP,2026-09-20 22:46:16
954,1042,20260924,2148.85,AZN,ATM,Completed,False,TXN_954,RUN_2026_09_20_01,POSTGRES_OLTP,2026-09-20 22:46:16
955,1045,20260905,1899.48,EUR,ATM,Completed,False,TXN_955,RUN_2026_09_20_01,POSTGRES_OLTP,2026-09-20 22:46:16
956,1097,20260921,1899.61,AZN,POS,Completed,False,TXN_956,RUN_2026_09_20_01,POSTGRES_OLTP,2026-09-20 22:46:16
957,1097,20260917,2365.57,USD,Mobile,Completed,False,TXN_957,RUN_2026_09_20_01,POSTGRES_OLTP,2026-09-20 22:46:16
958,1095,20260919,727.59,AZN,Web,Completed,False,TXN_958,RUN_2026_09_20_01,POSTGRES_OLTP,2026-09-20 22:46:16
959,1049,20260908,1155.22,USD,Mobile,Completed,False,TXN_959,RUN_2026_09_20_01,POSTGRES_OLTP,2026-09-20 22:46:16
960,1070,20260915,659.72,EUR,POS,Completed,False,TXN_960,RUN_2026_09_20_01,POSTGRES_OLTP,2026-09-20 22:46:16
961,1048,20260919,462.34,USD,ATM,Completed,False,TXN_961,RUN_2026_09_20_01,POSTGRES_OLTP,2026-09-20 22:46:16
962,1037,20260906,1066.74,USD,ATM,Completed,False,TXN_962,RUN_2026_09_20_01,POSTGRES_OLTP,2026-09-20 22:46:16
963,1063,20260910,2368.94,EUR,POS,Completed,False,TXN_963,RUN_2026_09_20_01,POSTGRES_OLTP,2026-09-20 22:46:16
964,1095,20260921,2396.08,USD,Mobile,Completed,False,TXN_964,RUN_2026_09_20_01,POSTGRES_OLTP,2026-09-20 22:46:16
965,1014,20260906,2034.64,EUR,Mobile,Completed,False,TXN_965,RUN_2026_09_20_01,POSTGRES_OLTP,2026-09-20 22:46:16
966,1065,20260902,1766.86,EUR,Web,Completed,True,TXN_966,RUN_2026_09_20_01,POSTGRES_OLTP,2026-09-20 22:46:16
967,1089,20260914,1061.96,USD,POS,Completed,False,TXN_967,RUN_2026_09_20_01,POSTGRES_OLTP,2026-09-20 22:46:16
968,1082,20260908,2477.26,AZN,POS,Completed,False,TXN_968,RUN_2026_09_20_01,POSTGRES_OLTP,2026-09-20 22:46:16
969,1097,20260908,991.0,EUR,POS,Completed,False,TXN_969,RUN_2026_09_20_01,POSTGRES_OLTP,2026-09-20 22:46:16
970,1039,20260926,134.32,AZN,POS,Completed,False,TXN_970,RUN_2026_09_20_01,POSTGRES_OLTP,2026-09-20 22:46:16
971,1083,20260905,1172.21,USD,POS,Completed,False,TXN_971,RUN_2026_09_20_01,POSTGRES_OLTP,2026-09-20 22:46:16
972,1088,20260909,750.58,USD,Web,Completed,False,TXN_972,RUN_2026_09_20_01,POSTGRES_OLTP,2026-09-20 22:46:16
973,1055,20260908,670.13,AZN,Web,Completed,False,TXN_973,RUN_2026_09_20_01,POSTGRES_OLTP,2026-09-20 22:46:16
974,1089,20260918,2496.72,USD,POS,Completed,False,TXN_974,RUN_2026_09_20_01,POSTGRES_OLTP,2026-09-20 22:46:16
975,1041,20260901,1032.45,USD,ATM,Completed,False,TXN_975,RUN_2026_09_20_01,POSTGRES_OLTP,2026-09-20 22:46:16
976,1096,20260913,1719.88,AZN,Web,Completed,False,TXN_976,RUN_2026_09_20_01,POSTGRES_OLTP,2026-09-20 22:46:16
977,1057,20260923,1524.58,AZN,Web,Completed,False,TXN_977,RUN_2026_09_20_01,POSTGRES_OLTP,2026-09-20 22:46:16
978,1028,20260902,1529.68,EUR,ATM,Completed,False,TXN_978,RUN_2026_09_20_01,POSTGRES_OLTP,2026-09-20 22:46:16
979,1065,20260906,1754.2,USD,Web,Completed,False,TXN_979,RUN_2026_09_20_01,POSTGRES_OLTP,2026-09-20 22:46:16
980,1065,20260904,2045.17,AZN,ATM,Completed,False,TXN_980,RUN_2026_09_20_01,POSTGRES_OLTP,2026-09-20 22:46:16
981,1053,20260928,1970.73,EUR,ATM,Completed,False,TXN_981,RUN_2026_09_20_01,POSTGRES_OLTP,2026-09-20 22:46:16
982,1084,20260916,1138.92,EUR,Web,Completed,False,TXN_982,RUN_2026_09_20_01,POSTGRES_OLTP,2026-09-20 22:46:16
983,1080,20260915,2171.31,EUR,Mobile,Completed,False,TXN_983,RUN_2026_09_20_01,POSTGRES_OLTP,2026-09-20 22:46:16
984,1051,20260914,808.6,AZN,Mobile,Completed,False,TXN_984,RUN_2026_09_20_01,POSTGRES_OLTP,2026-09-20 22:46:16
985,1077,20260907,1809.01,AZN,Mobile,Completed,False,TXN_985,RUN_2026_09_20_01,POSTGRES_OLTP,2026-09-20 22:46:16
986,1088,20260921,399.02,EUR,ATM,Completed,True,TXN_986,RUN_2026_09_20_01,POSTGRES_OLTP,2026-09-20 22:46:16
987,1075,20260913,110.07,USD,POS,Completed,False,TXN_987,RUN_2026_09_20_01,POSTGRES_OLTP,2026-09-20 22:46:16
988,1015,20260917,1121.93,EUR,ATM,Completed,False,TXN_988,RUN_2026_09_20_01,POSTGRES_OLTP,2026-09-20 22:46:16
989,1089,20260910,915.02,AZN,POS,Completed,False,TXN_989,RUN_2026_09_20_01,POSTGRES_OLTP,2026-09-20 22:46:16
990,1058,20260916,666.31,USD,Mobile,Completed,False,TXN_990,RUN_2026_09_20_01,POSTGRES_OLTP,2026-09-20 22:46:16
991,1046,20260923,1301.53,EUR,Web,Completed,False,TXN_991,RUN_2026_09_20_01,POSTGRES_OLTP,2026-09-20 22:46:16
992,1033,20260912,2327.8,USD,Mobile,Completed,False,TXN_992,RUN_2026_09_20_01,POSTGRES_OLTP,2026-09-20 22:46:16
993,1053,20260923,1606.61,USD,Mobile,Completed,False,TXN_993,RUN_2026_09_20_01,POSTGRES_OLTP,2026-09-20 22:46:16
994,1088,20260930,2309.92,EUR,POS,Completed,False,TXN_994,RUN_2026_09_20_01,POSTGRES_OLTP,2026-09-20 22:46:16
995,1009,20260928,200.95,EUR,Web,Completed,False,TXN_995,RUN_2026_09_20_01,POSTGRES_OLTP,2026-09-20 22:46:16
996,1017,20260926,2040.11,EUR,POS,Completed,False,TXN_996,RUN_2026_09_20_01,POSTGRES_OLTP,2026-09-20 22:46:16
997,1081,20260921,1963.27,EUR,ATM,Completed,True,TXN_997,RUN_2026_09_20_01,POSTGRES_OLTP,2026-09-20 22:46:16
998,1044,20260913,2320.39,AZN,Web,Completed,False,TXN_998,RUN_2026_09_20_01,POSTGRES_OLTP,2026-09-20 22:46:16
999,1043,20260928,1271.66,EUR,Web,Completed,False,TXN_999,RUN_2026_09_20_01,POSTGRES_OLTP,2026-09-20 22:46:16
1000,1058,20260928,1732.05,EUR,ATM,Completed,False,TXN_1000,RUN_2026_09_20_01,POSTGRES_OLTP,2026-09-20 22:46:16
1001,1033,20260905,2380.69,AZN,Mobile,Completed,False,TXN_1001,RUN_2026_09_20_01,POSTGRES_OLTP,2026-09-20 22:46:16
1002,1090,20260928,54.72,EUR,ATM,Completed,False,TXN_1002,RUN_2026_09_20_01,POSTGRES_OLTP,2026-09-20 22:46:16
1003,1071,20260924,1907.9,AZN,POS,Completed,False,TXN_1003,RUN_2026_09_20_01,POSTGRES_OLTP,2026-09-20 22:46:16
1004,1048,20260906,2418.96,AZN,POS,Completed,False,TXN_1004,RUN_2026_09_20_01,POSTGRES_OLTP,2026-09-20 22:46:16
1005,1068,20260901,555.59,USD,Mobile,Completed,False,TXN_1005,RUN_2026_09_20_01,POSTGRES_OLTP,2026-09-20 22:46:16
1006,1067,20260908,74.67,AZN,ATM,Completed,False,TXN_1006,RUN_2026_09_20_01,POSTGRES_OLTP,2026-09-20 22:46:16
1007,1003,20260903,394.49,USD,Mobile,Completed,False,TXN_1007,RUN_2026_09_20_01,POSTGRES_OLTP,2026-09-20 22:46:16
1008,1021,20260910,114.91,USD,POS,Completed,False,TXN_1008,RUN_2026_09_20_01,POSTGRES_OLTP,2026-09-20 22:46:16
1009,1014,20260927,2183.03,AZN,Web,Completed,False,TXN_1009,RUN_2026_09_20_01,POSTGRES_OLTP,2026-09-20 22:46:16
